sku,productId,productTitle,imageId,imageUrl,estimatedBackground,targetBackground,distanceFromTarget,matchesTarget,width,height,status,error
LAC-1-SSPOPO_SOL-BLK-M|LAC-1-SSPOPO_SOL-BLK-XL|LAC-1-SSPOPO_SOL-BLK-XXL,gid://shopify/Product/9491184451825,Lacoste |  Polo |  Black,gid://shopify/ProductImage/48827893580017,https://cdn.shopify.com/s/files/1/0778/1629/9761/files/lac-1-sspopo_sol-blk_front.png?v=1772451878,#EDECEC,#EDEBE8,4.12,true,1512,2016,OK,
LAC-1-SSPOPO_SOL-BLK-M|LAC-1-SSPOPO_SOL-BLK-XL|LAC-1-SSPOPO_SOL-BLK-XXL,gid://shopify/Product/9491184451825,Lacoste |  Polo |  Black,gid://shopify/ProductImage/48827893612785,https://cdn.shopify.com/s/files/1/0778/1629/9761/files/lac-1-sspopo_sol-blk_back.png?v=1772451879,#EDECEC,#EDEBE8,4.12,true,1512,2016,OK,
LAC-1-SSPOPO_SOL-BLK-M|LAC-1-SSPOPO_SOL-BLK-XL|LAC-1-SSPOPO_SOL-BLK-XXL,gid://shopify/Product/9491184451825,Lacoste |  Polo |  Black,gid://shopify/ProductImage/48827893645553,https://cdn.shopify.com/s/files/1/0778/1629/9761/files/lac-1-sspopo_sol-blk_detail.png?v=1772451878,#EDECEC,#EDEBE8,4.12,true,1512,2016,OK,
LAC-2-SSPOPO_SOL-OLV-M|LAC-2-SSPOPO_SOL-OLV-XL|LAC-2-SSPOPO_SOL-OLV-XXL,gid://shopify/Product/9491184484593,Lacoste |  Polo |  Olive,gid://shopify/ProductImage/48827875164401,https://cdn.shopify.com/s/files/1/0778/1629/9761/files/lac-2-sspopo_sol-olv_front.png?v=1772451836,#EDECEC,#EDEBE8,4.12,true,1512,2016,OK,
LAC-2-SSPOPO_SOL-OLV-M|LAC-2-SSPOPO_SOL-OLV-XL|LAC-2-SSPOPO_SOL-OLV-XXL,gid://shopify/Product/9491184484593,Lacoste |  Polo |  Olive,gid://shopify/ProductImage/48827875197169,https://cdn.shopify.com/s/files/1/0778/1629/9761/files/lac-2-sspopo_sol-olv_back.png?v=1772451836,#EDECEC,#EDEBE8,4.12,true,1512,2016,OK,
LAC-2-SSPOPO_SOL-OLV-M|LAC-2-SSPOPO_SOL-OLV-XL|LAC-2-SSPOPO_SOL-OLV-XXL,gid://shopify/Product/9491184484593,Lacoste |  Polo |  Olive,gid://shopify/ProductImage/48827875229937,https://cdn.shopify.com/s/files/1/0778/1629/9761/files/lac-2-sspopo_sol-olv_detail.png?v=1772451836,#312C1F,#EDEBE8,335,false,1512,2016,MISMATCH,
LAC-3-SSPOPO_SOL-NAV-M|LAC-3-SSPOPO_SOL-NAV-XL|LAC-3-SSPOPO_SOL-NAV-XXL,gid://shopify/Product/9491184550129,Lacoste |  Polo |  Navy,gid://shopify/ProductImage/48827869200625,https://cdn.shopify.com/s/files/1/0778/1629/9761/files/lac-3-sspopo_sol-nav_front.png?v=1772451817,#EDECEC,#EDEBE8,4.12,true,1512,2016,OK,
LAC-3-SSPOPO_SOL-NAV-M|LAC-3-SSPOPO_SOL-NAV-XL|LAC-3-SSPOPO_SOL-NAV-XXL,gid://shopify/Product/9491184550129,Lacoste |  Polo |  Navy,gid://shopify/ProductImage/48827869233393,https://cdn.shopify.com/s/files/1/0778/1629/9761/files/lac-3-sspopo_sol-nav_back.png?v=1772451817,#EDECEC,#EDEBE8,4.12,true,1512,2016,OK,
LAC-3-SSPOPO_SOL-NAV-M|LAC-3-SSPOPO_SOL-NAV-XL|LAC-3-SSPOPO_SOL-NAV-XXL,gid://shopify/Product/9491184550129,Lacoste |  Polo |  Navy,gid://shopify/ProductImage/48827869266161,https://cdn.shopify.com/s/files/1/0778/1629/9761/files/lac-3-sspopo_sol-nav_detail.png?v=1772451817,#272245,#EDEBE8,325.84,false,1512,2016,MISMATCH,
LAC-4-SSPOPO_SOL-SKY-M|LAC-4-SSPOPO_SOL-SKY-XL|LAC-4-SSPOPO_SOL-SKY-XXL,gid://shopify/Product/9491184615665,Lacoste |  Polo |  Blue,gid://shopify/ProductImage/48827863957745,https://cdn.shopify.com/s/files/1/0778/1629/9761/files/lac-4-sspopo_sol-sky_front.png?v=1772451801,#EDECEC,#EDEBE8,4.12,true,1512,2016,OK,
LAC-4-SSPOPO_SOL-SKY-M|LAC-4-SSPOPO_SOL-SKY-XL|LAC-4-SSPOPO_SOL-SKY-XXL,gid://shopify/Product/9491184615665,Lacoste |  Polo |  Blue,gid://shopify/ProductImage/48827863990513,https://cdn.shopify.com/s/files/1/0778/1629/9761/files/lac-4-sspopo_sol-sky_back.png?v=1772451801,#EDECEC,#EDEBE8,4.12,true,1512,2016,OK,
LAC-4-SSPOPO_SOL-SKY-M|LAC-4-SSPOPO_SOL-SKY-XL|LAC-4-SSPOPO_SOL-SKY-XXL,gid://shopify/Product/9491184615665,Lacoste |  Polo |  Blue,gid://shopify/ProductImage/48827864023281,https://cdn.shopify.com/s/files/1/0778/1629/9761/files/lac-4-sspopo_sol-sky_detail.png?v=1772451801,#B8CDC1,#EDEBE8,72.32,false,1512,2016,MISMATCH,
LAC-5-SSPOPO_SOL-SKN-M|LAC-5-SSPOPO_SOL-SKN-XL|LAC-5-SSPOPO_SOL-SKN-XXL,gid://shopify/Product/9491184713969,Lacoste |  Polo |  Beige,gid://shopify/ProductImage/48827859108081,https://cdn.shopify.com/s/files/1/0778/1629/9761/files/lac-5-sspopo_sol-skn_front.png?v=1772451784,#EDECEC,#EDEBE8,4.12,true,1512,2016,OK,
LAC-5-SSPOPO_SOL-SKN-M|LAC-5-SSPOPO_SOL-SKN-XL|LAC-5-SSPOPO_SOL-SKN-XXL,gid://shopify/Product/9491184713969,Lacoste |  Polo |  Beige,gid://shopify/ProductImage/48827859140849,https://cdn.shopify.com/s/files/1/0778/1629/9761/files/lac-5-sspopo_sol-skn_back.png?v=1772451785,#EDECEC,#EDEBE8,4.12,true,1512,2016,OK,
LAC-5-SSPOPO_SOL-SKN-M|LAC-5-SSPOPO_SOL-SKN-XL|LAC-5-SSPOPO_SOL-SKN-XXL,gid://shopify/Product/9491184713969,Lacoste |  Polo |  Beige,gid://shopify/ProductImage/48827859173617,https://cdn.shopify.com/s/files/1/0778/1629/9761/files/lac-5-sspopo_sol-skn_detail.png?v=1772451785,#EDECEC,#EDEBE8,4.12,true,1512,2016,OK,
LAC-6-SSPOPO_SOL-MRN-M|LAC-6-SSPOPO_SOL-MRN-XL|LAC-6-SSPOPO_SOL-MRN-XXL,gid://shopify/Product/9491184812273,Lacoste |  Polo |  Maroon,gid://shopify/ProductImage/48827296284913,https://cdn.shopify.com/s/files/1/0778/1629/9761/files/lac-6-sspopo_sol-mrn_front.png?v=1772450114,#EDECEC,#EDEBE8,4.12,true,1512,2016,OK,
LAC-6-SSPOPO_SOL-MRN-M|LAC-6-SSPOPO_SOL-MRN-XL|LAC-6-SSPOPO_SOL-MRN-XXL,gid://shopify/Product/9491184812273,Lacoste |  Polo |  Maroon,gid://shopify/ProductImage/48827296317681,https://cdn.shopify.com/s/files/1/0778/1629/9761/files/lac-6-sspopo_sol-mrn_back.png?v=1772450112,#EDECEC,#EDEBE8,4.12,true,1512,2016,OK,
LAC-6-SSPOPO_SOL-MRN-M|LAC-6-SSPOPO_SOL-MRN-XL|LAC-6-SSPOPO_SOL-MRN-XXL,gid://shopify/Product/9491184812273,Lacoste |  Polo |  Maroon,gid://shopify/ProductImage/48827296350449,https://cdn.shopify.com/s/files/1/0778/1629/9761/files/lac-6-sspopo_sol-mrn_detail.png?v=1772450113,#EDECEC,#EDEBE8,4.12,true,1512,2016,OK,
LAC-7-SSPOPO_SOL-RED-M|LAC-7-SSPOPO_SOL-RED-XL|LAC-7-SSPOPO_SOL-RED-XXL,gid://shopify/Product/9491185107185,Lacoste |  Polo |  Red,gid://shopify/ProductImage/48827290026225,https://cdn.shopify.com/s/files/1/0778/1629/9761/files/lac-7-sspopo_sol-red_front.png?v=1772450099,#EDECEC,#EDEBE8,4.12,true,1512,2016,OK,
LAC-7-SSPOPO_SOL-RED-M|LAC-7-SSPOPO_SOL-RED-XL|LAC-7-SSPOPO_SOL-RED-XXL,gid://shopify/Product/9491185107185,Lacoste |  Polo |  Red,gid://shopify/ProductImage/48827290058993,https://cdn.shopify.com/s/files/1/0778/1629/9761/files/lac-7-sspopo_sol-red_back.png?v=1772450099,#EDECEC,#EDEBE8,4.12,true,1512,2016,OK,
LAC-7-SSPOPO_SOL-RED-M|LAC-7-SSPOPO_SOL-RED-XL|LAC-7-SSPOPO_SOL-RED-XXL,gid://shopify/Product/9491185107185,Lacoste |  Polo |  Red,gid://shopify/ProductImage/48827290091761,https://cdn.shopify.com/s/files/1/0778/1629/9761/files/lac-7-sspopo_sol-red_detail.png?v=1772450099,#EDECEC,#EDEBE8,4.12,true,1512,2016,OK,
PRL-8-SSPOPO_SOL-BRN-M|PRL-8-SSPOPO_SOL-BRN-S|PRL-8-SSPOPO_SOL-BRN-XL|PRL-8-SSPOPO_SOL-BRN-XXL,gid://shopify/Product/9491185205489,Polo Ralph Lauren |  Polo |  Brown,gid://shopify/ProductImage/48827286388977,https://cdn.shopify.com/s/files/1/0778/1629/9761/files/prl-8-sspopo_sol-brn_front.png?v=1772450080,#EDECEC,#EDEBE8,4.12,true,1512,2016,OK,
PRL-8-SSPOPO_SOL-BRN-M|PRL-8-SSPOPO_SOL-BRN-S|PRL-8-SSPOPO_SOL-BRN-XL|PRL-8-SSPOPO_SOL-BRN-XXL,gid://shopify/Product/9491185205489,Polo Ralph Lauren |  Polo |  Brown,gid://shopify/ProductImage/48827286421745,https://cdn.shopify.com/s/files/1/0778/1629/9761/files/prl-8-sspopo_sol-brn_back.png?v=1772450080,#EDECEC,#EDEBE8,4.12,true,1512,2016,OK,
PRL-8-SSPOPO_SOL-BRN-M|PRL-8-SSPOPO_SOL-BRN-S|PRL-8-SSPOPO_SOL-BRN-XL|PRL-8-SSPOPO_SOL-BRN-XXL,gid://shopify/Product/9491185205489,Polo Ralph Lauren |  Polo |  Brown,gid://shopify/ProductImage/48827286454513,https://cdn.shopify.com/s/files/1/0778/1629/9761/files/prl-8-sspopo_sol-brn_detail.png?v=1772450080,#EDECEC,#EDEBE8,4.12,true,1512,2016,OK,
PRL-9-SSPOPO_SOL-WHT-M|PRL-9-SSPOPO_SOL-WHT-S|PRL-9-SSPOPO_SOL-WHT-XL|PRL-9-SSPOPO_SOL-WHT-XXL,gid://shopify/Product/9491185271025,Polo Ralph Lauren |  Polo |  White,gid://shopify/ProductImage/48827272659185,https://cdn.shopify.com/s/files/1/0778/1629/9761/files/prl-9-sspopo_sol-wht_front.png?v=1772450065,#EDECEC,#EDEBE8,4.12,true,1512,2016,OK,
PRL-9-SSPOPO_SOL-WHT-M|PRL-9-SSPOPO_SOL-WHT-S|PRL-9-SSPOPO_SOL-WHT-XL|PRL-9-SSPOPO_SOL-WHT-XXL,gid://shopify/Product/9491185271025,Polo Ralph Lauren |  Polo |  White,gid://shopify/ProductImage/48827272691953,https://cdn.shopify.com/s/files/1/0778/1629/9761/files/prl-9-sspopo_sol-wht_back.png?v=1772450065,#EDECEC,#EDEBE8,4.12,true,1512,2016,OK,
PRL-9-SSPOPO_SOL-WHT-M|PRL-9-SSPOPO_SOL-WHT-S|PRL-9-SSPOPO_SOL-WHT-XL|PRL-9-SSPOPO_SOL-WHT-XXL,gid://shopify/Product/9491185271025,Polo Ralph Lauren |  Polo |  White,gid://shopify/ProductImage/48827272724721,https://cdn.shopify.com/s/files/1/0778/1629/9761/files/prl-9-sspopo_sol-wht_detail.png?v=1772450065,#EDECEC,#EDEBE8,4.12,true,1512,2016,OK,
PRL-10-SSPOPO_SOL-BLK-M|PRL-10-SSPOPO_SOL-BLK-S|PRL-10-SSPOPO_SOL-BLK-XL|PRL-10-SSPOPO_SOL-BLK-XXL,gid://shopify/Product/9491185402097,Polo Ralph Lauren |  Polo |  Black,gid://shopify/ProductImage/48827251818737,https://cdn.shopify.com/s/files/1/0778/1629/9761/files/prl-10-sspopo_sol-blk_front.png?v=1772450048,#EDECEC,#EDEBE8,4.12,true,1512,2016,OK,
PRL-10-SSPOPO_SOL-BLK-M|PRL-10-SSPOPO_SOL-BLK-S|PRL-10-SSPOPO_SOL-BLK-XL|PRL-10-SSPOPO_SOL-BLK-XXL,gid://shopify/Product/9491185402097,Polo Ralph Lauren |  Polo |  Black,gid://shopify/ProductImage/48827251851505,https://cdn.shopify.com/s/files/1/0778/1629/9761/files/prl-10-sspopo_sol-blk_back.png?v=1772450049,#EDECEC,#EDEBE8,4.12,true,1512,2016,OK,
PRL-10-SSPOPO_SOL-BLK-M|PRL-10-SSPOPO_SOL-BLK-S|PRL-10-SSPOPO_SOL-BLK-XL|PRL-10-SSPOPO_SOL-BLK-XXL,gid://shopify/Product/9491185402097,Polo Ralph Lauren |  Polo |  Black,gid://shopify/ProductImage/48827251884273,https://cdn.shopify.com/s/files/1/0778/1629/9761/files/prl-10-sspopo_sol-blk_detail.png?v=1772450049,#EDECEC,#EDEBE8,4.12,true,1512,2016,OK,
ARX-11-SSPOPO_MIX-WBK-M|ARX-11-SSPOPO_MIX-WBK-S|ARX-11-SSPOPO_MIX-WBK-XL|ARX-11-SSPOPO_MIX-WBK-XXL,gid://shopify/Product/9491185991921,Armani Exchange |  Polo |  Black,gid://shopify/ProductImage/48827229044977,https://cdn.shopify.com/s/files/1/0778/1629/9761/files/arx-11-sspopo_mix-wbk_front.png?v=1772449965,#EDECEC,#EDEBE8,4.12,true,1512,2016,OK,
ARX-11-SSPOPO_MIX-WBK-M|ARX-11-SSPOPO_MIX-WBK-S|ARX-11-SSPOPO_MIX-WBK-XL|ARX-11-SSPOPO_MIX-WBK-XXL,gid://shopify/Product/9491185991921,Armani Exchange |  Polo |  Black,gid://shopify/ProductImage/48827229077745,https://cdn.shopify.com/s/files/1/0778/1629/9761/files/arx-11-sspopo_mix-wbk_back.png?v=1772449966,#EDECEC,#EDEBE8,4.12,true,1512,2016,OK,
ARX-11-SSPOPO_MIX-WBK-M|ARX-11-SSPOPO_MIX-WBK-S|ARX-11-SSPOPO_MIX-WBK-XL|ARX-11-SSPOPO_MIX-WBK-XXL,gid://shopify/Product/9491185991921,Armani Exchange |  Polo |  Black,gid://shopify/ProductImage/48827229110513,https://cdn.shopify.com/s/files/1/0778/1629/9761/files/arx-11-sspopo_mix-wbk_detail.png?v=1772449965,#EDECEC,#EDEBE8,4.12,true,1512,2016,OK,
ARX-12-SSPOPO_MIX-HWT-M|ARX-12-SSPOPO_MIX-HWT-S|ARX-12-SSPOPO_MIX-HWT-XL|ARX-12-SSPOPO_MIX-HWT-XXL,gid://shopify/Product/9491186024689,Armani Exchange |  Polo |  White,gid://shopify/ProductImage/48827226882289,https://cdn.shopify.com/s/files/1/0778/1629/9761/files/arx-12-sspopo_mix-hwt_front.png?v=1772449950,#EDECEC,#EDEBE8,4.12,true,1512,2016,OK,
ARX-12-SSPOPO_MIX-HWT-M|ARX-12-SSPOPO_MIX-HWT-S|ARX-12-SSPOPO_MIX-HWT-XL|ARX-12-SSPOPO_MIX-HWT-XXL,gid://shopify/Product/9491186024689,Armani Exchange |  Polo |  White,gid://shopify/ProductImage/48827226915057,https://cdn.shopify.com/s/files/1/0778/1629/9761/files/arx-12-sspopo_mix-hwt_back.png?v=1772449950,#EDECEC,#EDEBE8,4.12,true,1512,2016,OK,
ARX-12-SSPOPO_MIX-HWT-M|ARX-12-SSPOPO_MIX-HWT-S|ARX-12-SSPOPO_MIX-HWT-XL|ARX-12-SSPOPO_MIX-HWT-XXL,gid://shopify/Product/9491186024689,Armani Exchange |  Polo |  White,gid://shopify/ProductImage/48827226947825,https://cdn.shopify.com/s/files/1/0778/1629/9761/files/arx-12-sspopo_mix-hwt_detail.png?v=1772449950,#EBDAC0,#EDEBE8,43.51,false,1512,2016,MISMATCH,
ARX-13-SSPOPO_MIX-BWH-M|ARX-13-SSPOPO_MIX-BWH-S|ARX-13-SSPOPO_MIX-BWH-XL|ARX-13-SSPOPO_MIX-BWH-XXL,gid://shopify/Product/9491186057457,Armani Exchange |  Polo |  Black,gid://shopify/ProductImage/48827224948977,https://cdn.shopify.com/s/files/1/0778/1629/9761/files/arx-13-sspopo_mix-bwh_front.png?v=1772449935,#EDECEC,#EDEBE8,4.12,true,1512,2016,OK,
ARX-13-SSPOPO_MIX-BWH-M|ARX-13-SSPOPO_MIX-BWH-S|ARX-13-SSPOPO_MIX-BWH-XL|ARX-13-SSPOPO_MIX-BWH-XXL,gid://shopify/Product/9491186057457,Armani Exchange |  Polo |  Black,gid://shopify/ProductImage/48827224981745,https://cdn.shopify.com/s/files/1/0778/1629/9761/files/arx-13-sspopo_mix-bwh_back.png?v=1772449935,#EDECEC,#EDEBE8,4.12,true,1512,2016,OK,
ARX-13-SSPOPO_MIX-BWH-M|ARX-13-SSPOPO_MIX-BWH-S|ARX-13-SSPOPO_MIX-BWH-XL|ARX-13-SSPOPO_MIX-BWH-XXL,gid://shopify/Product/9491186057457,Armani Exchange |  Polo |  Black,gid://shopify/ProductImage/48827225014513,https://cdn.shopify.com/s/files/1/0778/1629/9761/files/arx-13-sspopo_mix-bwh_detail.png?v=1772449935,#EDECEC,#EDEBE8,4.12,true,1512,2016,OK,
ARX-14-SSPOPO_MIX-BLB-M|ARX-14-SSPOPO_MIX-BLB-S|ARX-14-SSPOPO_MIX-BLB-XL|ARX-14-SSPOPO_MIX-BLB-XXL,gid://shopify/Product/9491186090225,Armani Exchange |  Polo |  Blue,gid://shopify/ProductImage/48827214201073,https://cdn.shopify.com/s/files/1/0778/1629/9761/files/arx-14-sspopo_mix-blb_front.png?v=1772449879,#EDECEC,#EDEBE8,4.12,true,1512,2016,OK,
ARX-14-SSPOPO_MIX-BLB-M|ARX-14-SSPOPO_MIX-BLB-S|ARX-14-SSPOPO_MIX-BLB-XL|ARX-14-SSPOPO_MIX-BLB-XXL,gid://shopify/Product/9491186090225,Armani Exchange |  Polo |  Blue,gid://shopify/ProductImage/48827214233841,https://cdn.shopify.com/s/files/1/0778/1629/9761/files/arx-14-sspopo_mix-blb_back.png?v=1772449879,#EDECEC,#EDEBE8,4.12,true,1512,2016,OK,
ARX-14-SSPOPO_MIX-BLB-M|ARX-14-SSPOPO_MIX-BLB-S|ARX-14-SSPOPO_MIX-BLB-XL|ARX-14-SSPOPO_MIX-BLB-XXL,gid://shopify/Product/9491186090225,Armani Exchange |  Polo |  Blue,gid://shopify/ProductImage/48827214266609,https://cdn.shopify.com/s/files/1/0778/1629/9761/files/arx-14-sspopo_mix-blb_detail.png?v=1772449879,#EDECEC,#EDEBE8,4.12,true,1512,2016,OK,
ARX-15-SSPOPO_MIX-GRY-M|ARX-15-SSPOPO_MIX-GRY-S|ARX-15-SSPOPO_MIX-GRY-XL|ARX-15-SSPOPO_MIX-GRY-XXL,gid://shopify/Product/9491186122993,Armani Exchange |  Polo |  Grey,gid://shopify/ProductImage/48827207909617,https://cdn.shopify.com/s/files/1/0778/1629/9761/files/arx-15-sspopo_mix-gry_front.png?v=1772449859,#EDECEC,#EDEBE8,4.12,true,1512,2016,OK,
ARX-15-SSPOPO_MIX-GRY-M|ARX-15-SSPOPO_MIX-GRY-S|ARX-15-SSPOPO_MIX-GRY-XL|ARX-15-SSPOPO_MIX-GRY-XXL,gid://shopify/Product/9491186122993,Armani Exchange |  Polo |  Grey,gid://shopify/ProductImage/48827207942385,https://cdn.shopify.com/s/files/1/0778/1629/9761/files/arx-15-sspopo_mix-gry_back.png?v=1772449859,#EDECEC,#EDEBE8,4.12,true,1512,2016,OK,
ARX-15-SSPOPO_MIX-GRY-M|ARX-15-SSPOPO_MIX-GRY-S|ARX-15-SSPOPO_MIX-GRY-XL|ARX-15-SSPOPO_MIX-GRY-XXL,gid://shopify/Product/9491186122993,Armani Exchange |  Polo |  Grey,gid://shopify/ProductImage/48827207975153,https://cdn.shopify.com/s/files/1/0778/1629/9761/files/arx-15-sspopo_mix-gry_detail.png?v=1772449859,#EDECEC,#EDEBE8,4.12,true,1512,2016,OK,
ARX-16-SSPOPO_MIX-NAV-M|ARX-16-SSPOPO_MIX-NAV-S|ARX-16-SSPOPO_MIX-NAV-XL|ARX-16-SSPOPO_MIX-NAV-XXL,gid://shopify/Product/9491186155761,Armani Exchange |  Polo |  Navy,gid://shopify/ProductImage/48827200667889,https://cdn.shopify.com/s/files/1/0778/1629/9761/files/arx-16-sspopo_mix-nav_front.png?v=1772449883,#EDECEC,#EDEBE8,4.12,true,1512,2016,OK,
ARX-16-SSPOPO_MIX-NAV-M|ARX-16-SSPOPO_MIX-NAV-S|ARX-16-SSPOPO_MIX-NAV-XL|ARX-16-SSPOPO_MIX-NAV-XXL,gid://shopify/Product/9491186155761,Armani Exchange |  Polo |  Navy,gid://shopify/ProductImage/48827200700657,https://cdn.shopify.com/s/files/1/0778/1629/9761/files/arx-16-sspopo_mix-nav_back.png?v=1772622807,#EDECEC,#EDEBE8,4.12,true,1512,2016,OK,
ARX-16-SSPOPO_MIX-NAV-M|ARX-16-SSPOPO_MIX-NAV-S|ARX-16-SSPOPO_MIX-NAV-XL|ARX-16-SSPOPO_MIX-NAV-XXL,gid://shopify/Product/9491186155761,Armani Exchange |  Polo |  Navy,gid://shopify/ProductImage/48827200635121,https://cdn.shopify.com/s/files/1/0778/1629/9761/files/arx-16-sspopo_mix-nav_detail.png?v=1772622807,#EDECEC,#EDEBE8,4.12,true,1512,2016,OK,
DSL-17-LSWSSH_SOL-LBL-M|DSL-17-LSWSSH_SOL-LBL-XL,gid://shopify/Product/9491186221297,Diesel |  Denim Shirt |  Blue,gid://shopify/ProductImage/48827173470449,https://cdn.shopify.com/s/files/1/0778/1629/9761/files/dsl-17-lswssh_sol-lbl_front.jpg?v=1772449747,#DBD9DE,#EDEBE8,27.35,false,4704,4704,MISMATCH,
DSL-17-LSWSSH_SOL-LBL-M|DSL-17-LSWSSH_SOL-LBL-XL,gid://shopify/Product/9491186221297,Diesel |  Denim Shirt |  Blue,gid://shopify/ProductImage/48827173404913,https://cdn.shopify.com/s/files/1/0778/1629/9761/files/dsl-17-lswssh_sol-lbl_back.jpg?v=1772449747,#DBD9DE,#EDEBE8,27.35,false,4672,4672,MISMATCH,
DSL-17-LSWSSH_SOL-LBL-M|DSL-17-LSWSSH_SOL-LBL-XL,gid://shopify/Product/9491186221297,Diesel |  Denim Shirt |  Blue,gid://shopify/ProductImage/48827173437681,https://cdn.shopify.com/s/files/1/0778/1629/9761/files/dsl-17-lswssh_sol-lbl_detail.jpg?v=1772449747,#A5BEDD,#EDEBE8,85.62,false,2044,2044,MISMATCH,
DSL-18-LSWSSH_SOL-MBL-M|DSL-18-LSWSSH_SOL-MBL-XL,gid://shopify/Product/9491186254065,Diesel |  Denim Shirt |  Blue,gid://shopify/ProductImage/48827080540401,https://cdn.shopify.com/s/files/1/0778/1629/9761/files/dsl-18-lswssh_sol-mbl_front_4e0f27d1-4dcf-4aed-9cc9-0ce4a696f55a.jpg?v=1772449202,#DBD9DE,#EDEBE8,27.35,false,4672,4672,MISMATCH,
DSL-18-LSWSSH_SOL-MBL-M|DSL-18-LSWSSH_SOL-MBL-XL,gid://shopify/Product/9491186254065,Diesel |  Denim Shirt |  Blue,gid://shopify/ProductImage/48827080474865,https://cdn.shopify.com/s/files/1/0778/1629/9761/files/dsl-18-lswssh_sol-mbl_back_45d32b29-9424-43eb-b452-1f42b65eadd6.jpg?v=1772449202,#DBD9DE,#EDEBE8,27.35,false,4672,4672,MISMATCH,
DSL-18-LSWSSH_SOL-MBL-M|DSL-18-LSWSSH_SOL-MBL-XL,gid://shopify/Product/9491186254065,Diesel |  Denim Shirt |  Blue,gid://shopify/ProductImage/48827080507633,https://cdn.shopify.com/s/files/1/0778/1629/9761/files/dsl-18-lswssh_sol-mbl_detail_a5f5c6e6-cbd6-40e6-9435-ecf5f2bc3149.jpg?v=1772449202,#678FBD,#EDEBE8,168.13,false,1950,1950,MISMATCH,
DSL-19-LSWSSH_SOL-BLU-M|DSL-19-LSWSSH_SOL-BLU-XL,gid://shopify/Product/9491186286833,Diesel |  Denim Shirt |  Blue,gid://shopify/ProductImage/48825484673265,https://cdn.shopify.com/s/files/1/0778/1629/9761/files/dsl-19-lswssh_sol-blu_front.jpg?v=1772445292,#DBD9DE,#EDEBE8,27.35,false,4672,4672,MISMATCH,
DSL-19-LSWSSH_SOL-BLU-M|DSL-19-LSWSSH_SOL-BLU-XL,gid://shopify/Product/9491186286833,Diesel |  Denim Shirt |  Blue,gid://shopify/ProductImage/48825484607729,https://cdn.shopify.com/s/files/1/0778/1629/9761/files/dsl-19-lswssh_sol-blu_back.jpg?v=1772445292,#DBD9DE,#EDEBE8,27.35,false,4672,4672,MISMATCH,
DSL-19-LSWSSH_SOL-BLU-M|DSL-19-LSWSSH_SOL-BLU-XL,gid://shopify/Product/9491186286833,Diesel |  Denim Shirt |  Blue,gid://shopify/ProductImage/48825484640497,https://cdn.shopify.com/s/files/1/0778/1629/9761/files/dsl-19-lswssh_sol-blu_detail.jpg?v=1772445292,#40587F,#EDEBE8,250.13,false,2009,2009,MISMATCH,
DSL-20-LSWSSH_SOL-DBL-M|DSL-20-LSWSSH_SOL-DBL-XL,gid://shopify/Product/9491186319601,Diesel |  Denim Shirt |  Blue,gid://shopify/ProductImage/48825394168049,https://cdn.shopify.com/s/files/1/0778/1629/9761/files/dsl-20-lswssh_sol-dbl_front.jpg?v=1772445119,#DBD9DE,#EDEBE8,27.35,false,4672,4672,MISMATCH,
DSL-20-LSWSSH_SOL-DBL-M|DSL-20-LSWSSH_SOL-DBL-XL,gid://shopify/Product/9491186319601,Diesel |  Denim Shirt |  Blue,gid://shopify/ProductImage/48825394102513,https://cdn.shopify.com/s/files/1/0778/1629/9761/files/dsl-20-lswssh_sol-dbl_back.jpg?v=1772445119,#DBD9DE,#EDEBE8,27.35,false,4672,4672,MISMATCH,
DSL-20-LSWSSH_SOL-DBL-M|DSL-20-LSWSSH_SOL-DBL-XL,gid://shopify/Product/9491186319601,Diesel |  Denim Shirt |  Blue,gid://shopify/ProductImage/48825394135281,https://cdn.shopify.com/s/files/1/0778/1629/9761/files/dsl-20-lswssh_sol-dbl_detail.jpg?v=1772445119,#434F58,#EDEBE8,271.98,false,1890,1890,MISMATCH,
