"*Channel Name","Product Name","*SKU Code",Weight,Dimensions,Category,"Image 1","Image 2","Image 3","Image 4","Image 5","HSN Code",Essential,"Channel Product id","Channel SKU Code","Master SKU Code"
"Entitled Club (Shopify)","Boss | Black Polo T-Shirt-S","BSS-46-SSPOPO_SOL-BLK | S",0.100,30.000x20.000x1.000,Polo,,,,,,,,9639149633777,"BSS-46-SSPOPO_SOL-BLK | S","BSS-46-SSPOPO_SOL-BLK | S"
"Entitled Club (Shopify)","Boss | Black Polo T-Shirt-M","BSS-46-SSPOPO_SOL-BLK | M",0.100,30.000x20.000x1.000,Polo,,,,,,,,9639149633777,"BSS-46-SSPOPO_SOL-BLK | M","BSS-46-SSPOPO_SOL-BLK | M"
"Entitled Club (Shopify)","Boss | Black Polo T-Shirt-L","BSS-46-SSPOPO_SOL-BLK | L",0.100,30.000x20.000x1.000,Polo,,,,,,,,9639149633777,"BSS-46-SSPOPO_SOL-BLK | L","BSS-46-SSPOPO_SOL-BLK | L"
"Entitled Club (Shopify)","Boss | Black Polo T-Shirt-XL","BSS-46-SSPOPO_SOL-BLK | XL",0.100,30.000x20.000x1.000,Polo,,,,,,,,9639149633777,"BSS-46-SSPOPO_SOL-BLK | XL","BSS-46-SSPOPO_SOL-BLK | XL"
"Entitled Club (Shopify)","Boss | Black Polo T-Shirt-XXL","BSS-46-SSPOPO_SOL-BLK | XXL",0.100,30.000x20.000x1.000,Polo,,,,,,,,9639149633777,"BSS-46-SSPOPO_SOL-BLK | XXL","BSS-46-SSPOPO_SOL-BLK | XXL"
"Entitled Club (Shopify)","Boss | Navy Polo T-Shirt-S","BSS-47-SSPOPO_SOL-NAV | S",0.100,30.000x20.000x1.000,Polo,,,,,,,,9639149535473,"BSS-47-SSPOPO_SOL-NAV | S","BSS-47-SSPOPO_SOL-NAV | S"
"Entitled Club (Shopify)","Boss | Navy Polo T-Shirt-M","BSS-47-SSPOPO_SOL-NAV | M",0.100,30.000x20.000x1.000,Polo,,,,,,,,9639149535473,"BSS-47-SSPOPO_SOL-NAV | M","BSS-47-SSPOPO_SOL-NAV | M"
"Entitled Club (Shopify)","Boss | Navy Polo T-Shirt-L","BSS-47-SSPOPO_SOL-NAV | L",0.100,30.000x20.000x1.000,Polo,,,,,,,,9639149535473,"BSS-47-SSPOPO_SOL-NAV | L","BSS-47-SSPOPO_SOL-NAV | L"
"Entitled Club (Shopify)","Boss | Navy Polo T-Shirt-XL","BSS-47-SSPOPO_SOL-NAV | XL",0.100,30.000x20.000x1.000,Polo,,,,,,,,9639149535473,"BSS-47-SSPOPO_SOL-NAV | XL","BSS-47-SSPOPO_SOL-NAV | XL"
"Entitled Club (Shopify)","Boss | Navy Polo T-Shirt-XXL","BSS-47-SSPOPO_SOL-NAV | XXL",0.100,30.000x20.000x1.000,Polo,,,,,,,,9639149535473,"BSS-47-SSPOPO_SOL-NAV | XXL","BSS-47-SSPOPO_SOL-NAV | XXL"
"Entitled Club (Shopify)","Polo Ralph Lauren | Polo | Black-L",PRL-10-SSPOPO_SOL-BLK-L,0.100,30.000x20.000x1.000,Polo,,,,,,,,9491185402097,PRL-10-SSPOPO_SOL-BLK-L,PRL-10-SSPOPO_SOL-BLK-L
"Entitled Club (Shopify)","Polo Ralph Lauren | Polo | Black-M",PRL-10-SSPOPO_SOL-BLK-M,0.100,30.000x20.000x1.000,Polo,,,,,,,,9491185402097,PRL-10-SSPOPO_SOL-BLK-M,PRL-10-SSPOPO_SOL-BLK-M
"Entitled Club (Shopify)","Polo Ralph Lauren | Polo | Black-S",PRL-10-SSPOPO_SOL-BLK-S,0.100,30.000x20.000x1.000,Polo,,,,,,,,9491185402097,PRL-10-SSPOPO_SOL-BLK-S,PRL-10-SSPOPO_SOL-BLK-S
"Entitled Club (Shopify)","Polo Ralph Lauren | Polo | Black-XL",PRL-10-SSPOPO_SOL-BLK-XL,0.100,30.000x20.000x1.000,Polo,,,,,,,,9491185402097,PRL-10-SSPOPO_SOL-BLK-XL,PRL-10-SSPOPO_SOL-BLK-XL
"Entitled Club (Shopify)","Polo Ralph Lauren | Polo | Black-XXL",PRL-10-SSPOPO_SOL-BLK-XXL,0.100,30.000x20.000x1.000,Polo,,,,,,,,9491185402097,PRL-10-SSPOPO_SOL-BLK-XXL,PRL-10-SSPOPO_SOL-BLK-XXL
"Entitled Club (Shopify)","Armani Exchange | Beige Polo T-Shirt-M","ARX-49-SSPOPO_SOL-BEG | M",,0.000x0.000x0.000,Polo,,,,,,,,9647181431025,"ARX-49-SSPOPO_SOL-BEG | M","ARX-49-SSPOPO_SOL-BEG | M"
"Entitled Club (Shopify)","Armani Exchange | Beige Polo T-Shirt-L","ARX-49-SSPOPO_SOL-BEG | L",0.000,0.000x0.000x0.000,Polo,,,,,,,,9647181431025,"ARX-49-SSPOPO_SOL-BEG | L","ARX-49-SSPOPO_SOL-BEG | L"
"Entitled Club (Shopify)","Armani Exchange | Beige Polo T-Shirt-XL","ARX-49-SSPOPO_SOL-BEG | XL",,0.000x0.000x0.000,Polo,,,,,,,,9647181431025,"ARX-49-SSPOPO_SOL-BEG | XL","ARX-49-SSPOPO_SOL-BEG | XL"
"Entitled Club (Shopify)","Ralph Lauren | Cotton Shirt | Green-M",PRL-26-LSBDSH_SOL-GRN|M,0.100,30.000x20.000x1.000,Shirt,,,,,,,,9574700155121,PRL-26-LSBDSH_SOL-GRN|M,PRL-26-LSBDSH_SOL-GRN|M
"Entitled Club (Shopify)","Lacoste | Polo | Olive-M",LAC-2-SSPOPO_SOL-OLV-M,0.100,30.000x20.000x1.000,Polo,,,,,,,,9491184484593,LAC-2-SSPOPO_SOL-OLV-M,LAC-2-SSPOPO_SOL-OLV-M
"Entitled Club (Shopify)","Lacoste | Polo | Maroon-XL",LAC-6-SSPOPO_SOL-MRN-XL,0.100,30.000x20.000x1.000,Polo,,,,,,,,9491184812273,LAC-6-SSPOPO_SOL-MRN-XL,LAC-6-SSPOPO_SOL-MRN-XL
"Entitled Club (Shopify)","Armani Exchange | Polo | Navy-XXL",ARX-16-SSPOPO_MIX-NAV-XXL,0.100,30.000x20.000x1.000,Polo,,,,,,,,9491186155761,ARX-16-SSPOPO_MIX-NAV-XXL,ARX-16-SSPOPO_MIX-NAV-XXL
"Entitled Club (Shopify)","Armani Exchange | Polo | Navy-XL",ARX-16-SSPOPO_MIX-NAV-XL,0.100,30.000x20.000x1.000,Polo,,,,,,,,9491186155761,ARX-16-SSPOPO_MIX-NAV-XL,ARX-16-SSPOPO_MIX-NAV-XL
"Entitled Club (Shopify)","GymShark | Yellow Round Neck T-Shirt-M",GSK-39-SSCRPO_MIX-YLW-M,0.100,30.000x20.000x1.000,"Round Neck T-Shirt",,,,,,,,9607674953969,GSK-39-SSCRPO_MIX-YLW-M,GSK-39-SSCRPO_MIX-YLW-M
"Entitled Club (Shopify)","GymShark | Yellow Round Neck T-Shirt-L",GSK-39-SSCRPO_MIX-YLW-L,0.100,30.000x20.000x1.000,"Round Neck T-Shirt",,,,,,,,9607674953969,GSK-39-SSCRPO_MIX-YLW-L,GSK-39-SSCRPO_MIX-YLW-L
"Entitled Club (Shopify)","GymShark | Yellow Round Neck T-Shirt-XL",GSK-39-SSCRPO_MIX-YLW-XL,0.100,30.000x20.000x1.000,"Round Neck T-Shirt",,,,,,,,9607674953969,GSK-39-SSCRPO_MIX-YLW-XL,GSK-39-SSCRPO_MIX-YLW-XL
"Entitled Club (Shopify)","GymShark | Yellow Round Neck T-Shirt-XXL",GSK-39-SSCRPO_MIX-YLW-XXL,0.100,30.000x20.000x1.000,"Round Neck T-Shirt",,,,,,,,9607674953969,GSK-39-SSCRPO_MIX-YLW-XXL,GSK-39-SSCRPO_MIX-YLW-XXL
"Entitled Club (Shopify)","Ralph Lauren | Cotton Shirt | Green-S",PRL-26-LSBDSH_SOL-GRN|S,0.100,30.000x20.000x1.000,Shirt,,,,,,,,9574700155121,PRL-26-LSBDSH_SOL-GRN|S,PRL-26-LSBDSH_SOL-GRN|S
"Entitled Club (Shopify)","Ralph Lauren | Cotton Shirt | Green-L",PRL-26-LSBDSH_SOL-GRN|L,0.100,30.000x20.000x1.000,Shirt,,,,,,,,9574700155121,PRL-26-LSBDSH_SOL-GRN|L,PRL-26-LSBDSH_SOL-GRN|L
"Entitled Club (Shopify)","Ralph Lauren | Cotton Shirt | Green-XL",PRL-26-LSBDSH_SOL-GRN|XL,0.100,30.000x20.000x1.000,Shirt,,,,,,,,9574700155121,PRL-26-LSBDSH_SOL-GRN|XL,PRL-26-LSBDSH_SOL-GRN|XL
"Entitled Club (Shopify)","Ralph Lauren | Cotton Shirt | Green-XXL",PRL-26-LSBDSH_SOL-GRN|XXL,0.100,30.000x20.000x1.000,Shirt,,,,,,,,9574700155121,PRL-26-LSBDSH_SOL-GRN|XXL,PRL-26-LSBDSH_SOL-GRN|XXL
"Entitled Club (Shopify)","Lacoste | Polo | Maroon-L",LAC-6-SSPOPO_SOL-MRN-L,0.100,30.000x20.000x1.000,Polo,,,,,,,,9491184812273,LAC-6-SSPOPO_SOL-MRN-L,LAC-6-SSPOPO_SOL-MRN-L
"Entitled Club (Shopify)","Lacoste | Polo | Maroon-M",LAC-6-SSPOPO_SOL-MRN-M,0.100,30.000x20.000x1.000,Polo,,,,,,,,9491184812273,LAC-6-SSPOPO_SOL-MRN-M,LAC-6-SSPOPO_SOL-MRN-M
"Entitled Club (Shopify)","Lacoste | Polo | Olive-L",LAC-2-SSPOPO_SOL-OLV-L,0.100,30.000x20.000x1.000,Polo,,,,,,,,9491184484593,LAC-2-SSPOPO_SOL-OLV-L,LAC-2-SSPOPO_SOL-OLV-L
"Entitled Club (Shopify)","Lacoste | Polo | Olive-XL",LAC-2-SSPOPO_SOL-OLV-XL,0.100,30.000x20.000x1.000,Polo,,,,,,,,9491184484593,LAC-2-SSPOPO_SOL-OLV-XL,LAC-2-SSPOPO_SOL-OLV-XL
"Entitled Club (Shopify)","Lacoste | Polo | Maroon-XXL",LAC-6-SSPOPO_SOL-MRN-XXL,0.100,30.000x20.000x1.000,Polo,,,,,,,,9491184812273,LAC-6-SSPOPO_SOL-MRN-XXL,LAC-6-SSPOPO_SOL-MRN-XXL
"Entitled Club (Shopify)","Lacoste | Polo | Olive-XXL",LAC-2-SSPOPO_SOL-OLV-XXL,0.100,30.000x20.000x1.000,Polo,,,,,,,,9491184484593,LAC-2-SSPOPO_SOL-OLV-XXL,LAC-2-SSPOPO_SOL-OLV-XXL
"Entitled Club (Shopify)","Armani Exchange | Polo | Navy-L",ARX-16-SSPOPO_MIX-NAV-L,0.100,30.000x20.000x1.000,Polo,,,,,,,,9491186155761,ARX-16-SSPOPO_MIX-NAV-L,ARX-16-SSPOPO_MIX-NAV-L
"Entitled Club (Shopify)","Armani Exchange | Polo | Navy-M",ARX-16-SSPOPO_MIX-NAV-M,0.100,30.000x20.000x1.000,Polo,,,,,,,,9491186155761,ARX-16-SSPOPO_MIX-NAV-M,ARX-16-SSPOPO_MIX-NAV-M
"Entitled Club (Shopify)","Armani Exchange | Polo | Navy-S",ARX-16-SSPOPO_MIX-NAV-S,0.100,30.000x20.000x1.000,Polo,,,,,,,,9491186155761,ARX-16-SSPOPO_MIX-NAV-S,ARX-16-SSPOPO_MIX-NAV-S
"Entitled Club (Shopify)","Boss | White Polo T-Shirt-S","BSS-45-SSPOPO_SOL-WHT | S",0.100,30.000x20.000x1.000,Polo,,,,,,,,9639141310705,"BSS-45-SSPOPO_SOL-WHT | S","BSS-45-SSPOPO_SOL-WHT | S"
"Entitled Club (Shopify)","Boss | White Polo T-Shirt-M","BSS-45-SSPOPO_SOL-WHT | M",0.100,30.000x20.000x1.000,Polo,,,,,,,,9639141310705,"BSS-45-SSPOPO_SOL-WHT | M","BSS-45-SSPOPO_SOL-WHT | M"
"Entitled Club (Shopify)","Boss | White Polo T-Shirt-L","BSS-45-SSPOPO_SOL-WHT | L",0.100,30.000x20.000x1.000,Polo,,,,,,,,9639141310705,"BSS-45-SSPOPO_SOL-WHT | L","BSS-45-SSPOPO_SOL-WHT | L"
"Entitled Club (Shopify)","Boss | White Polo T-Shirt-XL","BSS-45-SSPOPO_SOL-WHT | XL",0.100,30.000x20.000x1.000,Polo,,,,,,,,9639141310705,"BSS-45-SSPOPO_SOL-WHT | XL","BSS-45-SSPOPO_SOL-WHT | XL"
"Entitled Club (Shopify)","Boss | White Polo T-Shirt-XXL","BSS-45-SSPOPO_SOL-WHT | XXL",0.100,30.000x20.000x1.000,Polo,,,,,,,,9639141310705,"BSS-45-SSPOPO_SOL-WHT | XXL","BSS-45-SSPOPO_SOL-WHT | XXL"
"Entitled Club (Shopify)","AllSaints | Black Round Neck T-Shirt-M",ASL-33-SSCRPO_MIX-GRB-M,0.100,30.000x20.000x1.000,"Round Neck T-Shirt",,,,,,,,9607677313265,ASL-33-SSCRPO_MIX-GRB-M,ASL-33-SSCRPO_MIX-GRB-M
"Entitled Club (Shopify)","AllSaints | Black Round Neck T-Shirt-L",ASL-33-SSCRPO_MIX-GRB-L,0.100,30.000x20.000x1.000,"Round Neck T-Shirt",,,,,,,,9607677313265,ASL-33-SSCRPO_MIX-GRB-L,ASL-33-SSCRPO_MIX-GRB-L
"Entitled Club (Shopify)","AllSaints | Black Round Neck T-Shirt-XL",ASL-33-SSCRPO_MIX-GRB-XL,0.100,30.000x20.000x1.000,"Round Neck T-Shirt",,,,,,,,9607677313265,ASL-33-SSCRPO_MIX-GRB-XL,ASL-33-SSCRPO_MIX-GRB-XL
"Entitled Club (Shopify)","AllSaints | Black Round Neck T-Shirt-XXL",ASL-33-SSCRPO_MIX-GRB-XXL,0.100,30.000x20.000x1.000,"Round Neck T-Shirt",,,,,,,,9607677313265,ASL-33-SSCRPO_MIX-GRB-XXL,ASL-33-SSCRPO_MIX-GRB-XXL
"Entitled Club (Shopify)","GymShark | White Round Neck T-Shirt-M",GSK-44-SSCRPO_MIX-WHT-M,0.100,30.000x20.000x1.000,"Round Neck T-Shirt",,,,,,,,9607675117809,GSK-44-SSCRPO_MIX-WHT-M,GSK-44-SSCRPO_MIX-WHT-M
"Entitled Club (Shopify)","GymShark | White Round Neck T-Shirt-L",GSK-44-SSCRPO_MIX-WHT-L,0.100,30.000x20.000x1.000,"Round Neck T-Shirt",,,,,,,,9607675117809,GSK-44-SSCRPO_MIX-WHT-L,GSK-44-SSCRPO_MIX-WHT-L
"Entitled Club (Shopify)","GymShark | White Round Neck T-Shirt-XL",GSK-44-SSCRPO_MIX-WHT-XL,0.100,30.000x20.000x1.000,"Round Neck T-Shirt",,,,,,,,9607675117809,GSK-44-SSCRPO_MIX-WHT-XL,GSK-44-SSCRPO_MIX-WHT-XL
"Entitled Club (Shopify)","GymShark | White Round Neck T-Shirt-XXL",GSK-44-SSCRPO_MIX-WHT-XXL,0.100,30.000x20.000x1.000,"Round Neck T-Shirt",,,,,,,,9607675117809,GSK-44-SSCRPO_MIX-WHT-XXL,GSK-44-SSCRPO_MIX-WHT-XXL
"Entitled Club (Shopify)","GymShark | Blue Round Neck T-Shirt-M",GSK-38-SSCRPO_MIX-BLU-M,0.100,30.000x20.000x1.000,"Round Neck T-Shirt",,,,,,,,9607674921201,GSK-38-SSCRPO_MIX-BLU-M,GSK-38-SSCRPO_MIX-BLU-M
"Entitled Club (Shopify)","GymShark | Blue Round Neck T-Shirt-L",GSK-38-SSCRPO_MIX-BLU-L,0.100,30.000x20.000x1.000,"Round Neck T-Shirt",,,,,,,,9607674921201,GSK-38-SSCRPO_MIX-BLU-L,GSK-38-SSCRPO_MIX-BLU-L
"Entitled Club (Shopify)","GymShark | Blue Round Neck T-Shirt-XL",GSK-38-SSCRPO_MIX-BLU-XL,0.100,30.000x20.000x1.000,"Round Neck T-Shirt",,,,,,,,9607674921201,GSK-38-SSCRPO_MIX-BLU-XL,GSK-38-SSCRPO_MIX-BLU-XL
"Entitled Club (Shopify)","GymShark | Blue Round Neck T-Shirt-XXL",GSK-38-SSCRPO_MIX-BLU-XXL,0.100,30.000x20.000x1.000,"Round Neck T-Shirt",,,,,,,,9607674921201,GSK-38-SSCRPO_MIX-BLU-XXL,GSK-38-SSCRPO_MIX-BLU-XXL
"Entitled Club (Shopify)","AllSaints | Green Round Neck T-Shirt-M",ASL-36-SSCRPO_MIX-GRN-M,0.100,30.000x20.000x1.000,"Round Neck T-Shirt",,,,,,,,9607674855665,ASL-36-SSCRPO_MIX-GRN-M,ASL-36-SSCRPO_MIX-GRN-M
"Entitled Club (Shopify)","AllSaints | Green Round Neck T-Shirt-L",ASL-36-SSCRPO_MIX-GRN-L,0.100,30.000x20.000x1.000,"Round Neck T-Shirt",,,,,,,,9607674855665,ASL-36-SSCRPO_MIX-GRN-L,ASL-36-SSCRPO_MIX-GRN-L
"Entitled Club (Shopify)","AllSaints | Green Round Neck T-Shirt-XL",ASL-36-SSCRPO_MIX-GRN-XL,0.100,30.000x20.000x1.000,"Round Neck T-Shirt",,,,,,,,9607674855665,ASL-36-SSCRPO_MIX-GRN-XL,ASL-36-SSCRPO_MIX-GRN-XL
"Entitled Club (Shopify)","AllSaints | Green Round Neck T-Shirt-XXL",ASL-36-SSCRPO_MIX-GRN-XXL,0.100,30.000x20.000x1.000,"Round Neck T-Shirt",,,,,,,,9607674855665,ASL-36-SSCRPO_MIX-GRN-XXL,ASL-36-SSCRPO_MIX-GRN-XXL
"Entitled Club (Shopify)","Ralph Lauren | Cotton Shirt | Brown-S",PRL-29-LSBDSH_SOL-BRN|S,0.100,30.000x20.000x1.000,Shirt,,,,,,,,9574735806705,PRL-29-LSBDSH_SOL-BRN|S,PRL-29-LSBDSH_SOL-BRN|S
"Entitled Club (Shopify)","Ralph Lauren | Cotton Shirt | Brown-M",PRL-29-LSBDSH_SOL-BRN|M,0.100,30.000x20.000x1.000,Shirt,,,,,,,,9574735806705,PRL-29-LSBDSH_SOL-BRN|M,PRL-29-LSBDSH_SOL-BRN|M
"Entitled Club (Shopify)","Ralph Lauren | Cotton Shirt | Brown-L",PRL-29-LSBDSH_SOL-BRN|L,0.100,30.000x20.000x1.000,Shirt,,,,,,,,9574735806705,PRL-29-LSBDSH_SOL-BRN|L,PRL-29-LSBDSH_SOL-BRN|L
"Entitled Club (Shopify)","Ralph Lauren | Cotton Shirt | Brown-XL",PRL-29-LSBDSH_SOL-BRN|XL,0.100,30.000x20.000x1.000,Shirt,,,,,,,,9574735806705,PRL-29-LSBDSH_SOL-BRN|XL,PRL-29-LSBDSH_SOL-BRN|XL
"Entitled Club (Shopify)","Ralph Lauren | Cotton Shirt | Brown-XXL",PRL-29-LSBDSH_SOL-BRN|XXL,0.100,30.000x20.000x1.000,Shirt,,,,,,,,9574735806705,PRL-29-LSBDSH_SOL-BRN|XXL,PRL-29-LSBDSH_SOL-BRN|XXL
"Entitled Club (Shopify)","Ralph Lauren | Cotton Shirt | White-S",PRL-22-LSBDSH_SOL-WHT|S,0.100,30.000x20.000x1.000,Shirt,,,,,,,,9574702383345,PRL-22-LSBDSH_SOL-WHT|S,PRL-22-LSBDSH_SOL-WHT|S
"Entitled Club (Shopify)","Ralph Lauren | Cotton Shirt | White-M",PRL-22-LSBDSH_SOL-WHT|M,0.100,30.000x20.000x1.000,Shirt,,,,,,,,9574702383345,PRL-22-LSBDSH_SOL-WHT|M,PRL-22-LSBDSH_SOL-WHT|M
"Entitled Club (Shopify)","Ralph Lauren | Cotton Shirt | White-L",PRL-22-LSBDSH_SOL-WHT|L,0.100,30.000x20.000x1.000,Shirt,,,,,,,,9574702383345,PRL-22-LSBDSH_SOL-WHT|L,PRL-22-LSBDSH_SOL-WHT|L
"Entitled Club (Shopify)","Ralph Lauren | Cotton Shirt | White-XL",PRL-22-LSBDSH_SOL-WHT|XL,0.100,30.000x20.000x1.000,Shirt,,,,,,,,9574702383345,PRL-22-LSBDSH_SOL-WHT|XL,PRL-22-LSBDSH_SOL-WHT|XL
"Entitled Club (Shopify)","Ralph Lauren | Cotton Shirt | White-XXL",PRL-22-LSBDSH_SOL-WHT|XXL,0.100,30.000x20.000x1.000,Shirt,,,,,,,,9574702383345,PRL-22-LSBDSH_SOL-WHT|XXL,PRL-22-LSBDSH_SOL-WHT|XXL
"Entitled Club (Shopify)","Diesel | Denim Shirt | Blue-L",DSL-20-LSWSSH_SOL-DBL-L,0.100,30.000x20.000x1.000,"Denim Shirt",,,,,,,,9574686261489,DSL-20-LSWSSH_SOL-DBL-L,DSL-20-LSWSSH_SOL-DBL-L
"Entitled Club (Shopify)","Diesel | Denim Shirt | Blue-M",DSL-20-LSWSSH_SOL-DBL-M,0.100,30.000x20.000x1.000,"Denim Shirt",,,,,,,,9574686261489,DSL-20-LSWSSH_SOL-DBL-M,DSL-20-LSWSSH_SOL-DBL-M
"Entitled Club (Shopify)","Diesel | Denim Shirt | Blue-XL",DSL-20-LSWSSH_SOL-DBL-XL,0.100,30.000x20.000x1.000,"Denim Shirt",,,,,,,,9574686261489,DSL-20-LSWSSH_SOL-DBL-XL,DSL-20-LSWSSH_SOL-DBL-XL
"Entitled Club (Shopify)","Lacoste | Polo | Navy-L",LAC-3-SSPOPO_SOL-NAV-L,0.100,30.000x20.000x1.000,Polo,,,,,,,,9491184550129,LAC-3-SSPOPO_SOL-NAV-L,LAC-3-SSPOPO_SOL-NAV-L
"Entitled Club (Shopify)","Lacoste | Polo | Navy-M",LAC-3-SSPOPO_SOL-NAV-M,0.100,30.000x20.000x1.000,Polo,,,,,,,,9491184550129,LAC-3-SSPOPO_SOL-NAV-M,LAC-3-SSPOPO_SOL-NAV-M
"Entitled Club (Shopify)","Lacoste | Polo | Navy-XL",LAC-3-SSPOPO_SOL-NAV-XL,0.100,30.000x20.000x1.000,Polo,,,,,,,,9491184550129,LAC-3-SSPOPO_SOL-NAV-XL,LAC-3-SSPOPO_SOL-NAV-XL
"Entitled Club (Shopify)","Lacoste | Polo | Navy-XXL",LAC-3-SSPOPO_SOL-NAV-XXL,0.100,30.000x20.000x1.000,Polo,,,,,,,,9491184550129,LAC-3-SSPOPO_SOL-NAV-XXL,LAC-3-SSPOPO_SOL-NAV-XXL
"Entitled Club (Shopify)","Armani Exchange | Blue Polo T-Shirt-XL","ARX-50-SSPOPO_SOL-BEG | XL",0.000,0.000x0.000x0.000,Polo,,,,,,,,9647196111089,"ARX-50-SSPOPO_SOL-BEG | XL","ARX-50-SSPOPO_SOL-BEG | XL"
"Entitled Club (Shopify)","Armani Exchange | Green Polo T-Shirt-M","ARX-52-SSPOPO_SOL-BEG | M",,0.000x0.000x0.000,Polo,,,,,,,,9647181463793,"ARX-52-SSPOPO_SOL-BEG | M","ARX-52-SSPOPO_SOL-BEG | M"
"Entitled Club (Shopify)","Armani Exchange | Green Polo T-Shirt-L","ARX-52-SSPOPO_SOL-BEG | L",,0.000x0.000x0.000,Polo,,,,,,,,9647181463793,"ARX-52-SSPOPO_SOL-BEG | L","ARX-52-SSPOPO_SOL-BEG | L"
"Entitled Club (Shopify)","Armani Exchange | Green Polo T-Shirt-XL","ARX-52-SSPOPO_SOL-BEG | XL",,0.000x0.000x0.000,Polo,,,,,,,,9647181463793,"ARX-52-SSPOPO_SOL-BEG | XL","ARX-52-SSPOPO_SOL-BEG | XL"
"Entitled Club (Shopify)","Armani Exchange | White Polo T-Shirt-M","ARX-54-SSPOPO_SOL-WHT | M",,0.000x0.000x0.000,Polo,,,,,,,,9647224291569,"ARX-54-SSPOPO_SOL-WHT | M","ARX-54-SSPOPO_SOL-WHT | M"
"Entitled Club (Shopify)","Armani Exchange | White Polo T-Shirt-L","ARX-54-SSPOPO_SOL-WHT | L",,0.000x0.000x0.000,Polo,,,,,,,,9647224291569,"ARX-54-SSPOPO_SOL-WHT | L","ARX-54-SSPOPO_SOL-WHT | L"
"Entitled Club (Shopify)","Armani Exchange | White Polo T-Shirt-XL","ARX-54-SSPOPO_SOL-WHT | XL",,0.000x0.000x0.000,Polo,,,,,,,,9647224291569,"ARX-54-SSPOPO_SOL-WHT | XL","ARX-54-SSPOPO_SOL-WHT | XL"
"Entitled Club (Shopify)","Hackett | Navy Blue Polo T-Shirt-M","HKT-59-SSPOPO_SOL-NAV | M",,0.000x0.000x0.000,Polo,,,,,,,,9647205122289,"HKT-59-SSPOPO_SOL-NAV | M","HKT-59-SSPOPO_SOL-NAV | M"
"Entitled Club (Shopify)","Hackett | Navy Blue Polo T-Shirt-L","HKT-59-SSPOPO_SOL-NAV | L",,0.000x0.000x0.000,Polo,,,,,,,,9647205122289,"HKT-59-SSPOPO_SOL-NAV | L","HKT-59-SSPOPO_SOL-NAV | L"
"Entitled Club (Shopify)","Hackett | Navy Blue Polo T-Shirt-XL","HKT-59-SSPOPO_SOL-NAV | XL",,0.000x0.000x0.000,Polo,,,,,,,,9647205122289,"HKT-59-SSPOPO_SOL-NAV | XL","HKT-59-SSPOPO_SOL-NAV | XL"
"Entitled Club (Shopify)","Hackett | Navy Blue Polo T-Shirt-XXL","HKT-59-SSPOPO_SOL-NAV | XXL",,0.000x0.000x0.000,Polo,,,,,,,,9647205122289,"HKT-59-SSPOPO_SOL-NAV | XXL","HKT-59-SSPOPO_SOL-NAV | XXL"
"Entitled Club (Shopify)","Hackett | Old Navy Polo T-Shirt-M","HKT-57-SSPOPO_SOL-ONV | M",,0.000x0.000x0.000,Polo,,,,,,,,9647205056753,"HKT-57-SSPOPO_SOL-ONV | M","HKT-57-SSPOPO_SOL-ONV | M"
"Entitled Club (Shopify)","Hackett | Old Navy Polo T-Shirt-L","HKT-57-SSPOPO_SOL-ONV | L",,0.000x0.000x0.000,Polo,,,,,,,,9647205056753,"HKT-57-SSPOPO_SOL-ONV | L","HKT-57-SSPOPO_SOL-ONV | L"
"Entitled Club (Shopify)","Hackett | Old Navy Polo T-Shirt-XL","HKT-57-SSPOPO_SOL-ONV | XL",,0.000x0.000x0.000,Polo,,,,,,,,9647205056753,"HKT-57-SSPOPO_SOL-ONV | XL","HKT-57-SSPOPO_SOL-ONV | XL"
"Entitled Club (Shopify)","Hackett | Old Navy Polo T-Shirt-XXL","HKT-57-SSPOPO_SOL-ONV | XXL",,0.000x0.000x0.000,Polo,,,,,,,,9647205056753,"HKT-57-SSPOPO_SOL-ONV | XXL","HKT-57-SSPOPO_SOL-ONV | XXL"
"Entitled Club (Shopify)","Hackett | White Polo T-Shirt-M","HKT-58-SSPOPO_SOL-WHT | M",,0.000x0.000x0.000,Polo,,,,,,,,9647204008177,"HKT-58-SSPOPO_SOL-WHT | M","HKT-58-SSPOPO_SOL-WHT | M"
"Entitled Club (Shopify)","Hackett | White Polo T-Shirt-L","HKT-58-SSPOPO_SOL-WHT | L",,0.000x0.000x0.000,Polo,,,,,,,,9647204008177,"HKT-58-SSPOPO_SOL-WHT | L","HKT-58-SSPOPO_SOL-WHT | L"
"Entitled Club (Shopify)","Hackett | White Polo T-Shirt-XL","HKT-58-SSPOPO_SOL-WHT | XL",,0.000x0.000x0.000,Polo,,,,,,,,9647204008177,"HKT-58-SSPOPO_SOL-WHT | XL","HKT-58-SSPOPO_SOL-WHT | XL"
"Entitled Club (Shopify)","Hackett | White Polo T-Shirt-XXL","HKT-58-SSPOPO_SOL-WHT | XXL",,0.000x0.000x0.000,Polo,,,,,,,,9647204008177,"HKT-58-SSPOPO_SOL-WHT | XXL","HKT-58-SSPOPO_SOL-WHT | XXL"
"Entitled Club (Shopify)","Hackett | Blue Polo T-Shirt-S","HKT-56-SSPOPO_SOL-BLU | S",,0.000x0.000x0.000,Polo,,,,,,,,9647203942641,"HKT-56-SSPOPO_SOL-BLU | S","HKT-56-SSPOPO_SOL-BLU | S"
"Entitled Club (Shopify)","Hackett | Blue Polo T-Shirt-M","HKT-56-SSPOPO_SOL-BLU | M",0.000,0.000x0.000x0.000,Polo,,,,,,,,9647203942641,"HKT-56-SSPOPO_SOL-BLU | M","HKT-56-SSPOPO_SOL-BLU | M"
"Entitled Club (Shopify)","Hackett | Blue Polo T-Shirt-L","HKT-56-SSPOPO_SOL-BLU | L",,0.000x0.000x0.000,Polo,,,,,,,,9647203942641,"HKT-56-SSPOPO_SOL-BLU | L","HKT-56-SSPOPO_SOL-BLU | L"
"Entitled Club (Shopify)","Hackett | Blue Polo T-Shirt-XL","HKT-56-SSPOPO_SOL-BLU | XL",,0.000x0.000x0.000,Polo,,,,,,,,9647203942641,"HKT-56-SSPOPO_SOL-BLU | XL","HKT-56-SSPOPO_SOL-BLU | XL"
"Entitled Club (Shopify)","Hackett | Blue Polo T-Shirt-XXL","HKT-56-SSPOPO_SOL-BLU | XXL",,0.000x0.000x0.000,Polo,,,,,,,,9647203942641,"HKT-56-SSPOPO_SOL-BLU | XXL","HKT-56-SSPOPO_SOL-BLU | XXL"
"Entitled Club (Shopify)","Hackett | Orange Polo T-Shirt-S","HKT-55-SSPOPO_SOL-ORG | S",,0.000x0.000x0.000,Polo,,,,,,,,9647203909873,"HKT-55-SSPOPO_SOL-ORG | S","HKT-55-SSPOPO_SOL-ORG | S"
"Entitled Club (Shopify)","Hackett | Orange Polo T-Shirt-M","HKT-55-SSPOPO_SOL-ORG | M",,0.000x0.000x0.000,Polo,,,,,,,,9647203909873,"HKT-55-SSPOPO_SOL-ORG | M","HKT-55-SSPOPO_SOL-ORG | M"
"Entitled Club (Shopify)","Hackett | Orange Polo T-Shirt-L","HKT-55-SSPOPO_SOL-ORG | L",,0.000x0.000x0.000,Polo,,,,,,,,9647203909873,"HKT-55-SSPOPO_SOL-ORG | L","HKT-55-SSPOPO_SOL-ORG | L"
"Entitled Club (Shopify)","Hackett | Orange Polo T-Shirt-XL","HKT-55-SSPOPO_SOL-ORG | XL",,0.000x0.000x0.000,Polo,,,,,,,,9647203909873,"HKT-55-SSPOPO_SOL-ORG | XL","HKT-55-SSPOPO_SOL-ORG | XL"
"Entitled Club (Shopify)","Armani Exchange | Navy Blue Polo T-Shirt-M","ARX-53-SSPOPO_SOL-BEG | M",,0.000x0.000x0.000,Polo,,,,,,,,9647200141553,"ARX-53-SSPOPO_SOL-BEG | M","ARX-53-SSPOPO_SOL-BEG | M"
"Entitled Club (Shopify)","Armani Exchange | Navy Blue Polo T-Shirt-L","ARX-53-SSPOPO_SOL-BEG | L",,0.000x0.000x0.000,Polo,,,,,,,,9647200141553,"ARX-53-SSPOPO_SOL-BEG | L","ARX-53-SSPOPO_SOL-BEG | L"
"Entitled Club (Shopify)","Armani Exchange | Navy Blue Polo T-Shirt-XL","ARX-53-SSPOPO_SOL-BEG | XL",,0.000x0.000x0.000,Polo,,,,,,,,9647200141553,"ARX-53-SSPOPO_SOL-BEG | XL","ARX-53-SSPOPO_SOL-BEG | XL"
"Entitled Club (Shopify)","Armani Exchange | Black Polo T-Shirt-M","ARX-51-SSPOPO_SOL-BEG | M",,0.000x0.000x0.000,Polo,,,,,,,,9647196176625,"ARX-51-SSPOPO_SOL-BEG | M","ARX-51-SSPOPO_SOL-BEG | M"
"Entitled Club (Shopify)","Armani Exchange | Black Polo T-Shirt-L","ARX-51-SSPOPO_SOL-BEG | L",,0.000x0.000x0.000,Polo,,,,,,,,9647196176625,"ARX-51-SSPOPO_SOL-BEG | L","ARX-51-SSPOPO_SOL-BEG | L"
"Entitled Club (Shopify)","Armani Exchange | Black Polo T-Shirt-XL","ARX-51-SSPOPO_SOL-BEG | XL",,0.000x0.000x0.000,Polo,,,,,,,,9647196176625,"ARX-51-SSPOPO_SOL-BEG | XL","ARX-51-SSPOPO_SOL-BEG | XL"
"Entitled Club (Shopify)","Armani Exchange | Blue Polo T-Shirt-M","ARX-50-SSPOPO_SOL-BEG | M",,0.000x0.000x0.000,Polo,,,,,,,,9647196111089,"ARX-50-SSPOPO_SOL-BEG | M","ARX-50-SSPOPO_SOL-BEG | M"
"Entitled Club (Shopify)","Armani Exchange | Blue Polo T-Shirt-L","ARX-50-SSPOPO_SOL-BEG | L",,0.000x0.000x0.000,Polo,,,,,,,,9647196111089,"ARX-50-SSPOPO_SOL-BEG | L","ARX-50-SSPOPO_SOL-BEG | L"
"Entitled Club (Shopify)","GymShark | Black Round Neck T-Shirt-M",GSK-45-SSCRPO_MIX-BLK-M,0.100,30.000x20.000x1.000,"Round Neck T-Shirt",,,,,,,,9607675150577,GSK-45-SSCRPO_MIX-BLK-M,GSK-45-SSCRPO_MIX-BLK-M
"Entitled Club (Shopify)","GymShark | Black Round Neck T-Shirt-L",GSK-45-SSCRPO_MIX-BLK-L,0.100,30.000x20.000x1.000,"Round Neck T-Shirt",,,,,,,,9607675150577,GSK-45-SSCRPO_MIX-BLK-L,GSK-45-SSCRPO_MIX-BLK-L
"Entitled Club (Shopify)","GymShark | Black Round Neck T-Shirt-XL",GSK-45-SSCRPO_MIX-BLK-XL,0.100,30.000x20.000x1.000,"Round Neck T-Shirt",,,,,,,,9607675150577,GSK-45-SSCRPO_MIX-BLK-XL,GSK-45-SSCRPO_MIX-BLK-XL
"Entitled Club (Shopify)","GymShark | Black Round Neck T-Shirt-XXL",GSK-45-SSCRPO_MIX-BLK-XXL,0.100,30.000x20.000x1.000,"Round Neck T-Shirt",,,,,,,,9607675150577,GSK-45-SSCRPO_MIX-BLK-XXL,GSK-45-SSCRPO_MIX-BLK-XXL
"Entitled Club (Shopify)","AllSaints | Grey Round Neck T-Shirt-M",ASL-30-SSCRPO_MIX-GRY-M,0.100,30.000x20.000x1.000,"Round Neck T-Shirt",,,,,,,,9607674626289,ASL-30-SSCRPO_MIX-GRY-M,ASL-30-SSCRPO_MIX-GRY-M
"Entitled Club (Shopify)","AllSaints | Grey Round Neck T-Shirt-L",ASL-30-SSCRPO_MIX-GRY-L,0.100,30.000x20.000x1.000,"Round Neck T-Shirt",,,,,,,,9607674626289,ASL-30-SSCRPO_MIX-GRY-L,ASL-30-SSCRPO_MIX-GRY-L
"Entitled Club (Shopify)","AllSaints | Grey Round Neck T-Shirt-XL",ASL-30-SSCRPO_MIX-GRY-XL,0.100,30.000x20.000x1.000,"Round Neck T-Shirt",,,,,,,,9607674626289,ASL-30-SSCRPO_MIX-GRY-XL,ASL-30-SSCRPO_MIX-GRY-XL
"Entitled Club (Shopify)","AllSaints | Grey Round Neck T-Shirt-XXL",ASL-30-SSCRPO_MIX-GRY-XXL,0.100,30.000x20.000x1.000,"Round Neck T-Shirt",,,,,,,,9607674626289,ASL-30-SSCRPO_MIX-GRY-XXL,ASL-30-SSCRPO_MIX-GRY-XXL
"Entitled Club (Shopify)","GymShark  Black Round Neck T-Shirt - M",GSK-45-SSCRPO_MIX-BLK,0.100,30.000x20.000x1.000,,,,,,,,,,GSK-45-SSCRPO_MIX-BLK,GSK-45-SSCRPO_MIX-BLK
"Entitled Club (Shopify)","Polo Ralph Lauren | Polo | White-L",PRL-9-SSPOPO_SOL-WHT-L,0.100,30.000x20.000x1.000,Polo,,,,,,,,9491185271025,PRL-9-SSPOPO_SOL-WHT-L,PRL-9-SSPOPO_SOL-WHT-L
"Entitled Club (Shopify)","Polo Ralph Lauren | Polo | White-M",PRL-9-SSPOPO_SOL-WHT-M,0.100,30.000x20.000x1.000,Polo,,,,,,,,9491185271025,PRL-9-SSPOPO_SOL-WHT-M,PRL-9-SSPOPO_SOL-WHT-M
"Entitled Club (Shopify)","Polo Ralph Lauren | Polo | White-S",PRL-9-SSPOPO_SOL-WHT-S,0.100,30.000x20.000x1.000,Polo,,,,,,,,9491185271025,PRL-9-SSPOPO_SOL-WHT-S,PRL-9-SSPOPO_SOL-WHT-S
"Entitled Club (Shopify)","Polo Ralph Lauren | Polo | White-XL",PRL-9-SSPOPO_SOL-WHT-XL,0.100,30.000x20.000x1.000,Polo,,,,,,,,9491185271025,PRL-9-SSPOPO_SOL-WHT-XL,PRL-9-SSPOPO_SOL-WHT-XL
"Entitled Club (Shopify)","Polo Ralph Lauren | Polo | White-XXL",PRL-9-SSPOPO_SOL-WHT-XXL,0.100,30.000x20.000x1.000,Polo,,,,,,,,9491185271025,PRL-9-SSPOPO_SOL-WHT-XXL,PRL-9-SSPOPO_SOL-WHT-XXL
"Entitled Club (Shopify)","Lacoste | Polo | Black-XXL",LAC-1-SSPOPO_SOL-BLK-XXL,0.100,30.000x20.000x1.000,Polo,,,,,,,,9491184451825,LAC-1-SSPOPO_SOL-BLK-XXL,LAC-1-SSPOPO_SOL-BLK-XXL
"Entitled Club (Shopify)","Lacoste | Polo | Black-XL",LAC-1-SSPOPO_SOL-BLK-XL,0.100,30.000x20.000x1.000,Polo,,,,,,,,9491184451825,LAC-1-SSPOPO_SOL-BLK-XL,LAC-1-SSPOPO_SOL-BLK-XL
"Entitled Club (Shopify)","Lacoste | Polo | Black-L",LAC-1-SSPOPO_SOL-BLK-L,0.100,30.000x20.000x1.000,Polo,,,,,,,,9491184451825,LAC-1-SSPOPO_SOL-BLK-L,LAC-1-SSPOPO_SOL-BLK-L
"Entitled Club (Shopify)","Lacoste | Polo | Black-M",LAC-1-SSPOPO_SOL-BLK-M,0.100,30.000x20.000x1.000,Polo,,,,,,,,9491184451825,LAC-1-SSPOPO_SOL-BLK-M,LAC-1-SSPOPO_SOL-BLK-M
"Entitled Club (Shopify)","Lacoste | Polo | Blue-XL",LAC-4-SSPOPO_SOL-SKY-XL,0.100,30.000x20.000x1.000,Polo,,,,,,,,9491184615665,LAC-4-SSPOPO_SOL-SKY-XL,LAC-4-SSPOPO_SOL-SKY-XL
"Entitled Club (Shopify)","Lacoste | Polo | Blue-XXL",LAC-4-SSPOPO_SOL-SKY-XXL,0.100,30.000x20.000x1.000,Polo,,,,,,,,9491184615665,LAC-4-SSPOPO_SOL-SKY-XXL,LAC-4-SSPOPO_SOL-SKY-XXL
"Entitled Club (Shopify)","Lacoste | Polo | Blue-L",LAC-4-SSPOPO_SOL-SKY-L,0.100,30.000x20.000x1.000,Polo,,,,,,,,9491184615665,LAC-4-SSPOPO_SOL-SKY-L,LAC-4-SSPOPO_SOL-SKY-L
"Entitled Club (Shopify)","Lacoste | Polo | Blue-M",LAC-4-SSPOPO_SOL-SKY-M,0.100,30.000x20.000x1.000,Polo,,,,,,,,9491184615665,LAC-4-SSPOPO_SOL-SKY-M,LAC-4-SSPOPO_SOL-SKY-M
"Entitled Club (Shopify)","Lacoste | Polo | Beige-XXL",LAC-5-SSPOPO_SOL-SKN-XXL,0.100,30.000x20.000x1.000,Polo,,,,,,,,9491184713969,LAC-5-SSPOPO_SOL-SKN-XXL,LAC-5-SSPOPO_SOL-SKN-XXL
"Entitled Club (Shopify)","Lacoste | Polo | Beige-XL",LAC-5-SSPOPO_SOL-SKN-XL,0.100,30.000x20.000x1.000,Polo,,,,,,,,9491184713969,LAC-5-SSPOPO_SOL-SKN-XL,LAC-5-SSPOPO_SOL-SKN-XL
"Entitled Club (Shopify)","Lacoste | Polo | Beige-L",LAC-5-SSPOPO_SOL-SKN-L,0.100,30.000x20.000x1.000,Polo,,,,,,,,9491184713969,LAC-5-SSPOPO_SOL-SKN-L,LAC-5-SSPOPO_SOL-SKN-L
"Entitled Club (Shopify)","Lacoste | Polo | Beige-M",LAC-5-SSPOPO_SOL-SKN-M,0.100,30.000x20.000x1.000,Polo,,,,,,,,9491184713969,LAC-5-SSPOPO_SOL-SKN-M,LAC-5-SSPOPO_SOL-SKN-M
"Entitled Club (Shopify)","Lacoste | Polo | Red-XXL",LAC-7-SSPOPO_SOL-RED-XXL,0.100,30.000x20.000x1.000,Polo,,,,,,,,9491185107185,LAC-7-SSPOPO_SOL-RED-XXL,LAC-7-SSPOPO_SOL-RED-XXL
"Entitled Club (Shopify)","Lacoste | Polo | Red-L",LAC-7-SSPOPO_SOL-RED-L,0.100,30.000x20.000x1.000,Polo,,,,,,,,9491185107185,LAC-7-SSPOPO_SOL-RED-L,LAC-7-SSPOPO_SOL-RED-L
"Entitled Club (Shopify)","Lacoste | Polo | Red-M",LAC-7-SSPOPO_SOL-RED-M,0.100,30.000x20.000x1.000,Polo,,,,,,,,9491185107185,LAC-7-SSPOPO_SOL-RED-M,LAC-7-SSPOPO_SOL-RED-M
"Entitled Club (Shopify)","Lacoste | Polo | Red-XL",LAC-7-SSPOPO_SOL-RED-XL,0.100,30.000x20.000x1.000,Polo,,,,,,,,9491185107185,LAC-7-SSPOPO_SOL-RED-XL,LAC-7-SSPOPO_SOL-RED-XL
"Entitled Club (Shopify)","Polo Ralph Lauren | Polo | Brown-XXL",PRL-8-SSPOPO_SOL-BRN-XXL,0.100,30.000x20.000x1.000,Polo,,,,,,,,9491185205489,PRL-8-SSPOPO_SOL-BRN-XXL,PRL-8-SSPOPO_SOL-BRN-XXL
"Entitled Club (Shopify)","Polo Ralph Lauren | Polo | Brown-S",PRL-8-SSPOPO_SOL-BRN-S,0.100,30.000x20.000x1.000,Polo,,,,,,,,9491185205489,PRL-8-SSPOPO_SOL-BRN-S,PRL-8-SSPOPO_SOL-BRN-S
"Entitled Club (Shopify)","Polo Ralph Lauren | Polo | Brown-XL",PRL-8-SSPOPO_SOL-BRN-XL,0.100,30.000x20.000x1.000,Polo,,,,,,,,9491185205489,PRL-8-SSPOPO_SOL-BRN-XL,PRL-8-SSPOPO_SOL-BRN-XL
"Entitled Club (Shopify)","Polo Ralph Lauren | Polo | Brown-L",PRL-8-SSPOPO_SOL-BRN-L,0.100,30.000x20.000x1.000,Polo,,,,,,,,9491185205489,PRL-8-SSPOPO_SOL-BRN-L,PRL-8-SSPOPO_SOL-BRN-L
"Entitled Club (Shopify)","Polo Ralph Lauren | Polo | Brown-M",PRL-8-SSPOPO_SOL-BRN-M,0.100,30.000x20.000x1.000,Polo,,,,,,,,9491185205489,PRL-8-SSPOPO_SOL-BRN-M,PRL-8-SSPOPO_SOL-BRN-M
"Entitled Club (Shopify)","Armani Exchange | Polo | White-M",ARX-11-SSPOPO_MIX-WBK-M,0.100,30.000x20.000x1.000,Polo,,,,,,,,9491185991921,ARX-11-SSPOPO_MIX-WBK-M,ARX-11-SSPOPO_MIX-WBK-M
"Entitled Club (Shopify)","Armani Exchange | Polo | Skin-XL",ARX-12-SSPOPO_MIX-HWT-XL,0.100,30.000x20.000x1.000,Polo,,,,,,,,9491186024689,ARX-12-SSPOPO_MIX-HWT-XL,ARX-12-SSPOPO_MIX-HWT-XL
"Entitled Club (Shopify)","Armani Exchange | Polo | Skin-XXL",ARX-12-SSPOPO_MIX-HWT-XXL,0.100,30.000x20.000x1.000,Polo,,,,,,,,9491186024689,ARX-12-SSPOPO_MIX-HWT-XXL,ARX-12-SSPOPO_MIX-HWT-XXL
"Entitled Club (Shopify)","Armani Exchange | Polo | White-L",ARX-11-SSPOPO_MIX-WBK-L,0.100,30.000x20.000x1.000,Polo,,,,,,,,9491185991921,ARX-11-SSPOPO_MIX-WBK-L,ARX-11-SSPOPO_MIX-WBK-L
"Entitled Club (Shopify)","Armani Exchange | Polo | White-S",ARX-11-SSPOPO_MIX-WBK-S,0.100,30.000x20.000x1.000,Polo,,,,,,,,9491185991921,ARX-11-SSPOPO_MIX-WBK-S,ARX-11-SSPOPO_MIX-WBK-S
"Entitled Club (Shopify)","Armani Exchange | Polo | White-XL",ARX-11-SSPOPO_MIX-WBK-XL,0.100,30.000x20.000x1.000,Polo,,,,,,,,9491185991921,ARX-11-SSPOPO_MIX-WBK-XL,ARX-11-SSPOPO_MIX-WBK-XL
"Entitled Club (Shopify)","Armani Exchange | Polo | White-XXL",ARX-11-SSPOPO_MIX-WBK-XXL,0.100,30.000x20.000x1.000,Polo,,,,,,,,9491185991921,ARX-11-SSPOPO_MIX-WBK-XXL,ARX-11-SSPOPO_MIX-WBK-XXL
"Entitled Club (Shopify)","Armani Exchange | Polo | Black-L",ARX-13-SSPOPO_MIX-BWH-L,0.100,30.000x20.000x1.000,Polo,,,,,,,,9491186057457,ARX-13-SSPOPO_MIX-BWH-L,ARX-13-SSPOPO_MIX-BWH-L
"Entitled Club (Shopify)","Armani Exchange | Polo | Blue-L",ARX-14-SSPOPO_MIX-BLB-L,0.100,30.000x20.000x1.000,Polo,,,,,,,,9491186090225,ARX-14-SSPOPO_MIX-BLB-L,ARX-14-SSPOPO_MIX-BLB-L
"Entitled Club (Shopify)","Armani Exchange | Polo | Blue-XXL",ARX-14-SSPOPO_MIX-BLB-XXL,0.100,30.000x20.000x1.000,Polo,,,,,,,,9491186090225,ARX-14-SSPOPO_MIX-BLB-XXL,ARX-14-SSPOPO_MIX-BLB-XXL
"Entitled Club (Shopify)","Armani Exchange | Polo | Black-M",ARX-13-SSPOPO_MIX-BWH-M,0.100,30.000x20.000x1.000,Polo,,,,,,,,9491186057457,ARX-13-SSPOPO_MIX-BWH-M,ARX-13-SSPOPO_MIX-BWH-M
"Entitled Club (Shopify)","Armani Exchange | Polo | Black-S",ARX-13-SSPOPO_MIX-BWH-S,0.100,30.000x20.000x1.000,Polo,,,,,,,,9491186057457,ARX-13-SSPOPO_MIX-BWH-S,ARX-13-SSPOPO_MIX-BWH-S
"Entitled Club (Shopify)","Armani Exchange | Polo | Black-XL",ARX-13-SSPOPO_MIX-BWH-XL,0.100,30.000x20.000x1.000,Polo,,,,,,,,9491186057457,ARX-13-SSPOPO_MIX-BWH-XL,ARX-13-SSPOPO_MIX-BWH-XL
"Entitled Club (Shopify)","Armani Exchange | Polo | Blue-M",ARX-14-SSPOPO_MIX-BLB-M,0.100,30.000x20.000x1.000,Polo,,,,,,,,9491186090225,ARX-14-SSPOPO_MIX-BLB-M,ARX-14-SSPOPO_MIX-BLB-M
"Entitled Club (Shopify)","Armani Exchange | Polo | Black-XXL",ARX-13-SSPOPO_MIX-BWH-XXL,0.100,30.000x20.000x1.000,Polo,,,,,,,,9491186057457,ARX-13-SSPOPO_MIX-BWH-XXL,ARX-13-SSPOPO_MIX-BWH-XXL
"Entitled Club (Shopify)","Armani Exchange | Polo | Blue-S",ARX-14-SSPOPO_MIX-BLB-S,0.100,30.000x20.000x1.000,Polo,,,,,,,,9491186090225,ARX-14-SSPOPO_MIX-BLB-S,ARX-14-SSPOPO_MIX-BLB-S
"Entitled Club (Shopify)","Armani Exchange | Polo | Blue-XL",ARX-14-SSPOPO_MIX-BLB-XL,0.100,30.000x20.000x1.000,Polo,,,,,,,,9491186090225,ARX-14-SSPOPO_MIX-BLB-XL,ARX-14-SSPOPO_MIX-BLB-XL
"Entitled Club (Shopify)","Armani Exchange | Polo | Skin-L",ARX-12-SSPOPO_MIX-HWT-L,0.100,30.000x20.000x1.000,Polo,,,,,,,,9491186024689,ARX-12-SSPOPO_MIX-HWT-L,ARX-12-SSPOPO_MIX-HWT-L
"Entitled Club (Shopify)","Armani Exchange | Polo | Skin-M",ARX-12-SSPOPO_MIX-HWT-M,0.100,30.000x20.000x1.000,Polo,,,,,,,,9491186024689,ARX-12-SSPOPO_MIX-HWT-M,ARX-12-SSPOPO_MIX-HWT-M
"Entitled Club (Shopify)","Armani Exchange | Polo | Skin-S",ARX-12-SSPOPO_MIX-HWT-S,0.100,30.000x20.000x1.000,Polo,,,,,,,,9491186024689,ARX-12-SSPOPO_MIX-HWT-S,ARX-12-SSPOPO_MIX-HWT-S
"Entitled Club (Shopify)","Armani Exchange | Polo | Grey-XXL",ARX-15-SSPOPO_MIX-GRY-XXL,0.100,30.000x20.000x1.000,Polo,,,,,,,,9491186122993,ARX-15-SSPOPO_MIX-GRY-XXL,ARX-15-SSPOPO_MIX-GRY-XXL
"Entitled Club (Shopify)","Armani Exchange | Polo | Grey-XL",ARX-15-SSPOPO_MIX-GRY-XL,0.100,30.000x20.000x1.000,Polo,,,,,,,,9491186122993,ARX-15-SSPOPO_MIX-GRY-XL,ARX-15-SSPOPO_MIX-GRY-XL
"Entitled Club (Shopify)","Armani Exchange | Polo | Grey-S",ARX-15-SSPOPO_MIX-GRY-S,0.100,30.000x20.000x1.000,Polo,,,,,,,,9491186122993,ARX-15-SSPOPO_MIX-GRY-S,ARX-15-SSPOPO_MIX-GRY-S
"Entitled Club (Shopify)","Armani Exchange | Polo | Grey-M",ARX-15-SSPOPO_MIX-GRY-M,0.100,30.000x20.000x1.000,Polo,,,,,,,,9491186122993,ARX-15-SSPOPO_MIX-GRY-M,ARX-15-SSPOPO_MIX-GRY-M
"Entitled Club (Shopify)","Armani Exchange | Polo | Grey-L",ARX-15-SSPOPO_MIX-GRY-L,0.100,30.000x20.000x1.000,Polo,,,,,,,,9491186122993,ARX-15-SSPOPO_MIX-GRY-L,ARX-15-SSPOPO_MIX-GRY-L
"Entitled Club (Shopify)","Diesel | Denim Shirt | Blue-L",DSL-17-LSWSSH_SOL-LBL-L,0.100,30.000x20.000x1.000,"Denim Shirt",,,,,,,,9491186221297,DSL-17-LSWSSH_SOL-LBL-L,DSL-17-LSWSSH_SOL-LBL-L
"Entitled Club (Shopify)","Diesel | Denim Shirt | Blue-M",DSL-17-LSWSSH_SOL-LBL-M,0.100,30.000x20.000x1.000,"Denim Shirt",,,,,,,,9491186221297,DSL-17-LSWSSH_SOL-LBL-M,DSL-17-LSWSSH_SOL-LBL-M
"Entitled Club (Shopify)","Diesel | Denim Shirt | Blue-XL",DSL-17-LSWSSH_SOL-LBL-XL,0.100,30.000x20.000x1.000,"Denim Shirt",,,,,,,,9491186221297,DSL-17-LSWSSH_SOL-LBL-XL,DSL-17-LSWSSH_SOL-LBL-XL
"Entitled Club (Shopify)","Diesel | Denim Shirt | Blue-M",DSL-18-LSWSSH_SOL-MBL-M,0.100,30.000x20.000x1.000,"Denim Shirt",,,,,,,,9491186254065,DSL-18-LSWSSH_SOL-MBL-M,DSL-18-LSWSSH_SOL-MBL-M
"Entitled Club (Shopify)","Diesel | Denim Shirt | Blue-XL",DSL-18-LSWSSH_SOL-MBL-XL,0.100,30.000x20.000x1.000,"Denim Shirt",,,,,,,,9491186254065,DSL-18-LSWSSH_SOL-MBL-XL,DSL-18-LSWSSH_SOL-MBL-XL
"Entitled Club (Shopify)","Diesel | Denim Shirt | Blue-L",DSL-18-LSWSSH_SOL-MBL-L,0.100,30.000x20.000x1.000,"Denim Shirt",,,,,,,,9491186254065,DSL-18-LSWSSH_SOL-MBL-L,DSL-18-LSWSSH_SOL-MBL-L
"Entitled Club (Shopify)","Diesel | Denim Shirt | Blue-L",DSL-19-LSWSSH_SOL-BLU-L,0.100,30.000x20.000x1.000,"Denim Shirt",,,,,,,,9491186286833,DSL-19-LSWSSH_SOL-BLU-L,DSL-19-LSWSSH_SOL-BLU-L
"Entitled Club (Shopify)","Diesel | Denim Shirt | Blue-M",DSL-19-LSWSSH_SOL-BLU-M,0.100,30.000x20.000x1.000,"Denim Shirt",,,,,,,,9491186286833,DSL-19-LSWSSH_SOL-BLU-M,DSL-19-LSWSSH_SOL-BLU-M
"Entitled Club (Shopify)","Diesel | Denim Shirt | Blue-XL",DSL-19-LSWSSH_SOL-BLU-XL,0.100,30.000x20.000x1.000,"Denim Shirt",,,,,,,,9491186286833,DSL-19-LSWSSH_SOL-BLU-XL,DSL-19-LSWSSH_SOL-BLU-XL
"Entitled Club (Shopify)","Ralph Lauren | Cotton Shirt | Blue-XXL",PRL-21-LSBDSH_SOL-BLU|XXL,0.100,30.000x20.000x1.000,Shirt,,,,,,,,9491186319601,PRL-21-LSBDSH_SOL-BLU|XXL,PRL-21-LSBDSH_SOL-BLU|XXL
"Entitled Club (Shopify)","Ralph Lauren | Cotton Shirt | Blue-L",PRL-21-LSBDSH_SOL-BLU|L,0.100,30.000x20.000x1.000,Shirt,,,,,,,,9491186319601,PRL-21-LSBDSH_SOL-BLU|L,PRL-21-LSBDSH_SOL-BLU|L
"Entitled Club (Shopify)","Ralph Lauren | Cotton Shirt | Blue-XL",PRL-21-LSBDSH_SOL-BLU|XL,0.100,30.000x20.000x1.000,Shirt,,,,,,,,9491186319601,PRL-21-LSBDSH_SOL-BLU|XL,PRL-21-LSBDSH_SOL-BLU|XL
"Entitled Club (Shopify)","Ralph Lauren | Cotton Shirt | Blue-S",PRL-21-LSBDSH_SOL-BLU|S,0.100,30.000x20.000x1.000,Shirt,,,,,,,,9491186319601,PRL-21-LSBDSH_SOL-BLU|S,PRL-21-LSBDSH_SOL-BLU|S
"Entitled Club (Shopify)","Ralph Lauren | Cotton Shirt | Blue-M",PRL-21-LSBDSH_SOL-BLU|M,0.100,30.000x20.000x1.000,Shirt,,,,,,,,9491186319601,PRL-21-LSBDSH_SOL-BLU|M,PRL-21-LSBDSH_SOL-BLU|M
"Entitled Club (Shopify)","Ralph Lauren | Cotton Shirt | Yellow-XXL",PRL-25-LSBDSH_SOL-YLW|XXL,0.100,30.000x20.000x1.000,Shirt,,,,,,,,9574700908785,PRL-25-LSBDSH_SOL-YLW|XXL,PRL-25-LSBDSH_SOL-YLW|XXL
"Entitled Club (Shopify)","Ralph Lauren | Cotton Shirt | Yellow-M",PRL-25-LSBDSH_SOL-YLW|M,0.100,30.000x20.000x1.000,Shirt,,,,,,,,9574700908785,PRL-25-LSBDSH_SOL-YLW|M,PRL-25-LSBDSH_SOL-YLW|M
"Entitled Club (Shopify)","Ralph Lauren | Cotton Shirt | Yellow-L",PRL-25-LSBDSH_SOL-YLW|L,0.100,30.000x20.000x1.000,Shirt,,,,,,,,9574700908785,PRL-25-LSBDSH_SOL-YLW|L,PRL-25-LSBDSH_SOL-YLW|L
"Entitled Club (Shopify)","Ralph Lauren | Cotton Shirt | Yellow-XL",PRL-25-LSBDSH_SOL-YLW|XL,0.100,30.000x20.000x1.000,Shirt,,,,,,,,9574700908785,PRL-25-LSBDSH_SOL-YLW|XL,PRL-25-LSBDSH_SOL-YLW|XL
"Entitled Club (Shopify)","Ralph Lauren | Cotton Shirt | Yellow-S",PRL-25-LSBDSH_SOL-YLW|S,0.100,30.000x20.000x1.000,Shirt,,,,,,,,9574700908785,PRL-25-LSBDSH_SOL-YLW|S,PRL-25-LSBDSH_SOL-YLW|S
"Entitled Club (Shopify)","Ralph Lauren | Cotton Shirt | Maroon-XL",PRL-24-LSBDSH_SOL-MRN|XL,0.100,30.000x20.000x1.000,Shirt,,,,,,,,9574701531377,PRL-24-LSBDSH_SOL-MRN|XL,PRL-24-LSBDSH_SOL-MRN|XL
"Entitled Club (Shopify)","Ralph Lauren | Cotton Shirt | Maroon-XXL",PRL-24-LSBDSH_SOL-MRN|XXL,0.100,30.000x20.000x1.000,Shirt,,,,,,,,9574701531377,PRL-24-LSBDSH_SOL-MRN|XXL,PRL-24-LSBDSH_SOL-MRN|XXL
"Entitled Club (Shopify)","Ralph Lauren | Cotton Shirt | Maroon-L",PRL-24-LSBDSH_SOL-MRN|L,0.100,30.000x20.000x1.000,Shirt,,,,,,,,9574701531377,PRL-24-LSBDSH_SOL-MRN|L,PRL-24-LSBDSH_SOL-MRN|L
"Entitled Club (Shopify)","Ralph Lauren | Cotton Shirt | Maroon-S",PRL-24-LSBDSH_SOL-MRN|S,0.100,30.000x20.000x1.000,Shirt,,,,,,,,9574701531377,PRL-24-LSBDSH_SOL-MRN|S,PRL-24-LSBDSH_SOL-MRN|S
"Entitled Club (Shopify)","Ralph Lauren | Cotton Shirt | Maroon-M",PRL-24-LSBDSH_SOL-MRN|M,0.100,30.000x20.000x1.000,Shirt,,,,,,,,9574701531377,PRL-24-LSBDSH_SOL-MRN|M,PRL-24-LSBDSH_SOL-MRN|M
"Entitled Club (Shopify)","Ralph Lauren | Cotton Shirt | Gray-L",PRL-23-LSBDSH_SOL-GRY|L,0.100,30.000x20.000x1.000,Shirt,,,,,,,,9574701793521,PRL-23-LSBDSH_SOL-GRY|L,PRL-23-LSBDSH_SOL-GRY|L
"Entitled Club (Shopify)","Ralph Lauren | Cotton Shirt | Gray-XL",PRL-23-LSBDSH_SOL-GRY|XL,0.100,30.000x20.000x1.000,Shirt,,,,,,,,9574701793521,PRL-23-LSBDSH_SOL-GRY|XL,PRL-23-LSBDSH_SOL-GRY|XL
"Entitled Club (Shopify)","Ralph Lauren | Cotton Shirt | Gray-XXL",PRL-23-LSBDSH_SOL-GRY|XXL,0.100,30.000x20.000x1.000,Shirt,,,,,,,,9574701793521,PRL-23-LSBDSH_SOL-GRY|XXL,PRL-23-LSBDSH_SOL-GRY|XXL
"Entitled Club (Shopify)","Ralph Lauren | Cotton Shirt | Gray-S",PRL-23-LSBDSH_SOL-GRY|S,0.100,30.000x20.000x1.000,Shirt,,,,,,,,9574701793521,PRL-23-LSBDSH_SOL-GRY|S,PRL-23-LSBDSH_SOL-GRY|S
"Entitled Club (Shopify)","Ralph Lauren | Cotton Shirt | Gray-M",PRL-23-LSBDSH_SOL-GRY|M,0.100,30.000x20.000x1.000,Shirt,,,,,,,,9574701793521,PRL-23-LSBDSH_SOL-GRY|M,PRL-23-LSBDSH_SOL-GRY|M
"Entitled Club (Shopify)","Ralph Lauren | Cotton Shirt | Blue-XL",PRL-28-LSBDSH_SOL-BLU|XL,0.100,30.000x20.000x1.000,Shirt,,,,,,,,9574735773937,PRL-28-LSBDSH_SOL-BLU|XL,PRL-28-LSBDSH_SOL-BLU|XL
"Entitled Club (Shopify)","Ralph Lauren | Cotton Shirt | Blue-XXL",PRL-28-LSBDSH_SOL-BLU|XXL,0.100,30.000x20.000x1.000,Shirt,,,,,,,,9574735773937,PRL-28-LSBDSH_SOL-BLU|XXL,PRL-28-LSBDSH_SOL-BLU|XXL
"Entitled Club (Shopify)","Ralph Lauren | Cotton Shirt | Blue-S",PRL-28-LSBDSH_SOL-BLU|S,0.100,30.000x20.000x1.000,Shirt,,,,,,,,9574735773937,PRL-28-LSBDSH_SOL-BLU|S,PRL-28-LSBDSH_SOL-BLU|S
"Entitled Club (Shopify)","Ralph Lauren | Cotton Shirt | Blue-M",PRL-28-LSBDSH_SOL-BLU|M,0.100,30.000x20.000x1.000,Shirt,,,,,,,,9574735773937,PRL-28-LSBDSH_SOL-BLU|M,PRL-28-LSBDSH_SOL-BLU|M
"Entitled Club (Shopify)","Ralph Lauren | Cotton Shirt | Blue-L",PRL-28-LSBDSH_SOL-BLU|L,0.100,30.000x20.000x1.000,Shirt,,,,,,,,9574735773937,PRL-28-LSBDSH_SOL-BLU|L,PRL-28-LSBDSH_SOL-BLU|L
"Entitled Club (Shopify)","Ralph Lauren | Cotton Shirt | Black-XL",PRL-27-LSBDSH_SOL-BLK|XL,0.100,30.000x20.000x1.000,shirt,,,,,,,,9574735970545,PRL-27-LSBDSH_SOL-BLK|XL,PRL-27-LSBDSH_SOL-BLK|XL
"Entitled Club (Shopify)","Ralph Lauren | Cotton Shirt | Black-S",PRL-27-LSBDSH_SOL-BLK|S,0.100,30.000x20.000x1.000,shirt,,,,,,,,9574735970545,PRL-27-LSBDSH_SOL-BLK|S,PRL-27-LSBDSH_SOL-BLK|S
"Entitled Club (Shopify)","Ralph Lauren | Cotton Shirt | Black-M",PRL-27-LSBDSH_SOL-BLK|M,0.100,30.000x20.000x1.000,shirt,,,,,,,,9574735970545,PRL-27-LSBDSH_SOL-BLK|M,PRL-27-LSBDSH_SOL-BLK|M
"Entitled Club (Shopify)","Ralph Lauren | Cotton Shirt | Black-L",PRL-27-LSBDSH_SOL-BLK|L,0.100,30.000x20.000x1.000,shirt,,,,,,,,9574735970545,PRL-27-LSBDSH_SOL-BLK|L,PRL-27-LSBDSH_SOL-BLK|L
"Entitled Club (Shopify)","Ralph Lauren | Cotton Shirt | Black-XXL",PRL-27-LSBDSH_SOL-BLK|XXL,0.100,30.000x20.000x1.000,shirt,,,,,,,,9574735970545,PRL-27-LSBDSH_SOL-BLK|XXL,PRL-27-LSBDSH_SOL-BLK|XXL
"Entitled Club (Shopify)","AllSaints | Black Round Neck T-Shirt-XL",ASL-31-SSCRPO_MIX-BLK-XL,0.100,30.000x20.000x1.000,"Round Neck T-Shirt",,,,,,,,9607674659057,ASL-31-SSCRPO_MIX-BLK-XL,ASL-31-SSCRPO_MIX-BLK-XL
"Entitled Club (Shopify)","AllSaints | Black Round Neck T-Shirt-XXL",ASL-31-SSCRPO_MIX-BLK-XXL,0.100,30.000x20.000x1.000,"Round Neck T-Shirt",,,,,,,,9607674659057,ASL-31-SSCRPO_MIX-BLK-XXL,ASL-31-SSCRPO_MIX-BLK-XXL
"Entitled Club (Shopify)","AllSaints | Black Round Neck T-Shirt-M",ASL-31-SSCRPO_MIX-BLK-M,0.100,30.000x20.000x1.000,"Round Neck T-Shirt",,,,,,,,9607674659057,ASL-31-SSCRPO_MIX-BLK-M,ASL-31-SSCRPO_MIX-BLK-M
"Entitled Club (Shopify)","AllSaints | Black Round Neck T-Shirt-L",ASL-31-SSCRPO_MIX-BLK-L,0.100,30.000x20.000x1.000,"Round Neck T-Shirt",,,,,,,,9607674659057,ASL-31-SSCRPO_MIX-BLK-L,ASL-31-SSCRPO_MIX-BLK-L
"Entitled Club (Shopify)","AllSaints | Brown Round Neck T-Shirt-XXL",ASL-34-SSCRPO_MIX-BRN-XXL,0.100,30.000x20.000x1.000,"Round Neck T-Shirt",,,,,,,,9607674757361,ASL-34-SSCRPO_MIX-BRN-XXL,ASL-34-SSCRPO_MIX-BRN-XXL
"Entitled Club (Shopify)","AllSaints | Brown Round Neck T-Shirt-M",ASL-34-SSCRPO_MIX-BRN-M,0.100,30.000x20.000x1.000,"Round Neck T-Shirt",,,,,,,,9607674757361,ASL-34-SSCRPO_MIX-BRN-M,ASL-34-SSCRPO_MIX-BRN-M
"Entitled Club (Shopify)","AllSaints | Brown Round Neck T-Shirt-L",ASL-34-SSCRPO_MIX-BRN-L,0.100,30.000x20.000x1.000,"Round Neck T-Shirt",,,,,,,,9607674757361,ASL-34-SSCRPO_MIX-BRN-L,ASL-34-SSCRPO_MIX-BRN-L
"Entitled Club (Shopify)","AllSaints | Brown Round Neck T-Shirt-XL",ASL-34-SSCRPO_MIX-BRN-XL,0.100,30.000x20.000x1.000,"Round Neck T-Shirt",,,,,,,,9607674757361,ASL-34-SSCRPO_MIX-BRN-XL,ASL-34-SSCRPO_MIX-BRN-XL
"Entitled Club (Shopify)","AllSaints | White Round Neck T-Shirt-L",ASL-37-SSCRPO_MIX-WHT-L,0.100,30.000x20.000x1.000,"Round Neck T-Shirt",,,,,,,,9607674888433,ASL-37-SSCRPO_MIX-WHT-L,ASL-37-SSCRPO_MIX-WHT-L
"Entitled Club (Shopify)","AllSaints | White Round Neck T-Shirt-XL",ASL-37-SSCRPO_MIX-WHT-XL,0.100,30.000x20.000x1.000,"Round Neck T-Shirt",,,,,,,,9607674888433,ASL-37-SSCRPO_MIX-WHT-XL,ASL-37-SSCRPO_MIX-WHT-XL
"Entitled Club (Shopify)","AllSaints | White Round Neck T-Shirt-XXL",ASL-37-SSCRPO_MIX-WHT-XXL,0.100,30.000x20.000x1.000,"Round Neck T-Shirt",,,,,,,,9607674888433,ASL-37-SSCRPO_MIX-WHT-XXL,ASL-37-SSCRPO_MIX-WHT-XXL
"Entitled Club (Shopify)","AllSaints | White Round Neck T-Shirt-M",ASL-37-SSCRPO_MIX-WHT-M,0.100,30.000x20.000x1.000,"Round Neck T-Shirt",,,,,,,,9607674888433,ASL-37-SSCRPO_MIX-WHT-M,ASL-37-SSCRPO_MIX-WHT-M
"Entitled Club (Shopify)","GymShark | Pink Round Neck T-Shirt-XXL",GSK-40-SSCRPO_MIX-PNK-XXL,0.100,30.000x20.000x1.000,"Round Neck T-Shirt",,,,,,,,9607674986737,GSK-40-SSCRPO_MIX-PNK-XXL,GSK-40-SSCRPO_MIX-PNK-XXL
"Entitled Club (Shopify)","GymShark | Pink Round Neck T-Shirt-L",GSK-40-SSCRPO_MIX-PNK-L,0.100,30.000x20.000x1.000,"Round Neck T-Shirt",,,,,,,,9607674986737,GSK-40-SSCRPO_MIX-PNK-L,GSK-40-SSCRPO_MIX-PNK-L
"Entitled Club (Shopify)","GymShark | Pink Round Neck T-Shirt-XL",GSK-40-SSCRPO_MIX-PNK-XL,0.100,30.000x20.000x1.000,"Round Neck T-Shirt",,,,,,,,9607674986737,GSK-40-SSCRPO_MIX-PNK-XL,GSK-40-SSCRPO_MIX-PNK-XL
"Entitled Club (Shopify)","GymShark | Pink Round Neck T-Shirt-M",GSK-40-SSCRPO_MIX-PNK-M,0.100,30.000x20.000x1.000,"Round Neck T-Shirt",,,,,,,,9607674986737,GSK-40-SSCRPO_MIX-PNK-M,GSK-40-SSCRPO_MIX-PNK-M
"Entitled Club (Shopify)","GymShark | Red Round Neck T-Shirt-M",GSK-41-SSCRPO_MIX-RED-M,0.100,30.000x20.000x1.000,"Round Neck T-Shirt",,,,,,,,9607675019505,GSK-41-SSCRPO_MIX-RED-M,GSK-41-SSCRPO_MIX-RED-M
"Entitled Club (Shopify)","GymShark | Red Round Neck T-Shirt-L",GSK-41-SSCRPO_MIX-RED-L,0.100,30.000x20.000x1.000,"Round Neck T-Shirt",,,,,,,,9607675019505,GSK-41-SSCRPO_MIX-RED-L,GSK-41-SSCRPO_MIX-RED-L
"Entitled Club (Shopify)","GymShark | Red Round Neck T-Shirt-XL",GSK-41-SSCRPO_MIX-RED-XL,0.100,30.000x20.000x1.000,"Round Neck T-Shirt",,,,,,,,9607675019505,GSK-41-SSCRPO_MIX-RED-XL,GSK-41-SSCRPO_MIX-RED-XL
"Entitled Club (Shopify)","GymShark | Red Round Neck T-Shirt-XXL",GSK-41-SSCRPO_MIX-RED-XXL,0.100,30.000x20.000x1.000,"Round Neck T-Shirt",,,,,,,,9607675019505,GSK-41-SSCRPO_MIX-RED-XXL,GSK-41-SSCRPO_MIX-RED-XXL
"Entitled Club (Shopify)","GymShark | Grey Round Neck T-Shirt-XL",GSK-42-SSCRPO_MIX-GRY-XL,0.100,30.000x20.000x1.000,"Round Neck T-Shirt",,,,,,,,9607675052273,GSK-42-SSCRPO_MIX-GRY-XL,GSK-42-SSCRPO_MIX-GRY-XL
"Entitled Club (Shopify)","GymShark | Grey Round Neck T-Shirt-XXL",GSK-42-SSCRPO_MIX-GRY-XXL,0.100,30.000x20.000x1.000,"Round Neck T-Shirt",,,,,,,,9607675052273,GSK-42-SSCRPO_MIX-GRY-XXL,GSK-42-SSCRPO_MIX-GRY-XXL
"Entitled Club (Shopify)","GymShark | Grey Round Neck T-Shirt-M",GSK-42-SSCRPO_MIX-GRY-M,0.100,30.000x20.000x1.000,"Round Neck T-Shirt",,,,,,,,9607675052273,GSK-42-SSCRPO_MIX-GRY-M,GSK-42-SSCRPO_MIX-GRY-M
"Entitled Club (Shopify)","GymShark | Grey Round Neck T-Shirt-L",GSK-42-SSCRPO_MIX-GRY-L,0.100,30.000x20.000x1.000,"Round Neck T-Shirt",,,,,,,,9607675052273,GSK-42-SSCRPO_MIX-GRY-L,GSK-42-SSCRPO_MIX-GRY-L
"Entitled Club (Shopify)","AllSaints | Black Round Neck T-Shirt-XL",ASL-32-SSCRPO_MIX-BGR-XL,0.100,30.000x20.000x1.000,"Round Neck T-Shirt",,,,,,,,9607675412721,ASL-32-SSCRPO_MIX-BGR-XL,ASL-32-SSCRPO_MIX-BGR-XL
"Entitled Club (Shopify)","AllSaints | Black Round Neck T-Shirt-XXL",ASL-32-SSCRPO_MIX-BGR-XXL,0.100,30.000x20.000x1.000,"Round Neck T-Shirt",,,,,,,,9607675412721,ASL-32-SSCRPO_MIX-BGR-XXL,ASL-32-SSCRPO_MIX-BGR-XXL
"Entitled Club (Shopify)","AllSaints | Black Round Neck T-Shirt-M",ASL-32-SSCRPO_MIX-BGR-M,0.100,30.000x20.000x1.000,"Round Neck T-Shirt",,,,,,,,9607675412721,ASL-32-SSCRPO_MIX-BGR-M,ASL-32-SSCRPO_MIX-BGR-M
"Entitled Club (Shopify)","AllSaints | Black Round Neck T-Shirt-L",ASL-32-SSCRPO_MIX-BGR-L,0.100,30.000x20.000x1.000,"Round Neck T-Shirt",,,,,,,,9607675412721,ASL-32-SSCRPO_MIX-BGR-L,ASL-32-SSCRPO_MIX-BGR-L
"Entitled Club (Shopify)","AllSaints | Black Round Neck T-Shirt-M",ASL-35-SSCRPO_MIX-WBL-M,0.100,30.000x20.000x1.000,"Round Neck T-Shirt",,,,,,,,9607678755057,ASL-35-SSCRPO_MIX-WBL-M,ASL-35-SSCRPO_MIX-WBL-M
"Entitled Club (Shopify)","AllSaints | Black Round Neck T-Shirt-L",ASL-35-SSCRPO_MIX-WBL-L,0.100,30.000x20.000x1.000,"Round Neck T-Shirt",,,,,,,,9607678755057,ASL-35-SSCRPO_MIX-WBL-L,ASL-35-SSCRPO_MIX-WBL-L
"Entitled Club (Shopify)","AllSaints | Black Round Neck T-Shirt-XL",ASL-35-SSCRPO_MIX-WBL-XL,0.100,30.000x20.000x1.000,"Round Neck T-Shirt",,,,,,,,9607678755057,ASL-35-SSCRPO_MIX-WBL-XL,ASL-35-SSCRPO_MIX-WBL-XL
"Entitled Club (Shopify)","AllSaints | Black Round Neck T-Shirt-XXL",ASL-35-SSCRPO_MIX-WBL-XXL,0.100,30.000x20.000x1.000,"Round Neck T-Shirt",,,,,,,,9607678755057,ASL-35-SSCRPO_MIX-WBL-XXL,ASL-35-SSCRPO_MIX-WBL-XXL
"Entitled Club (Shopify)","GymShark | Black Round Neck T-Shirt-M",GSK-43-SSCRPO_MIX-BPN-M,0.100,30.000x20.000x1.000,"Round Neck T-Shirt",,,,,,,,9607681278193,GSK-43-SSCRPO_MIX-BPN-M,GSK-43-SSCRPO_MIX-BPN-M
"Entitled Club (Shopify)","GymShark | Black Round Neck T-Shirt-L",GSK-43-SSCRPO_MIX-BPN-L,0.100,30.000x20.000x1.000,"Round Neck T-Shirt",,,,,,,,9607681278193,GSK-43-SSCRPO_MIX-BPN-L,GSK-43-SSCRPO_MIX-BPN-L
"Entitled Club (Shopify)","GymShark | Black Round Neck T-Shirt-XL",GSK-43-SSCRPO_MIX-BPN-XL,0.100,30.000x20.000x1.000,"Round Neck T-Shirt",,,,,,,,9607681278193,GSK-43-SSCRPO_MIX-BPN-XL,GSK-43-SSCRPO_MIX-BPN-XL
"Entitled Club (Shopify)","GymShark | Black Round Neck T-Shirt-XXL",GSK-43-SSCRPO_MIX-BPN-XXL,0.100,30.000x20.000x1.000,"Round Neck T-Shirt",,,,,,,,9607681278193,GSK-43-SSCRPO_MIX-BPN-XXL,GSK-43-SSCRPO_MIX-BPN-XXL
"Entitled Club (Shopify)","GymShark  Black Round Neck T-Shirt - XXL",GSK-43-SSCRPO_MIX-BPN|M-4,0.100,30.000x20.000x1.000,,,,,,,,,,GSK-43-SSCRPO_MIX-BPN|M-4,GSK-43-SSCRPO_MIX-BPN|M-4
"Entitled Club (Shopify)","GymShark  Red Round Neck T-Shirt - M",GSK-41-SSCRPO_MIX-RED,0.100,30.000x20.000x1.000,,,,,,,,,,GSK-41-SSCRPO_MIX-RED,GSK-41-SSCRPO_MIX-RED
"Entitled Club (Shopify)","GymShark  Yellow Round Neck T-Shirt - M",GSK-39-SSCRPO_MIX-YLW,0.100,30.000x20.000x1.000,,,,,,,,,,GSK-39-SSCRPO_MIX-YLW,GSK-39-SSCRPO_MIX-YLW
