"excel_row_number","product_name","size","sku","alternate_sku","transformed_sku","excel_inventory","excel_selling_price","shopify_product_title","shopify_variant_title","shopify_sku","current_shopify_inventory","shopify_variant_price","delta","action_taken","status","reason"
"2","Lacoste Polo","M","LAC-1-SSPOPO_SOL-BLK|M","LAC-1-SSPOPO_SOL-BLK|Black|M","LAC-1-SSPOPO_SOL-BLK-M","2","1499","Lacoste | Polo | Black","M","LAC-1-SSPOPO_SOL-BLK-M","2","1499","0","MATCHED_NO_CHANGE","MATCHED_NO_CHANGE","Matched variant already has the target inventory"
"3","Lacoste Polo","L","LAC-1-SSPOPO_SOL-BLK|L","LAC-1-SSPOPO_SOL-BLK|Black|L","LAC-1-SSPOPO_SOL-BLK-L","2","1499","","","","","","","UNMATCHED","UNMATCHED","No exact Shopify SKU matched. Related Shopify SKUs found: LAC-1-SSPOPO_SOL-BLK-M | LAC-1-SSPOPO_SOL-BLK-XL | LAC-1-SSPOPO_SOL-BLK-XXL"
"4","Lacoste Polo","XL","LAC-1-SSPOPO_SOL-BLK|XL","LAC-1-SSPOPO_SOL-BLK|Black|XL","LAC-1-SSPOPO_SOL-BLK-XL","2","1499","Lacoste | Polo | Black","XL","LAC-1-SSPOPO_SOL-BLK-XL","2","1499","0","MATCHED_NO_CHANGE","MATCHED_NO_CHANGE","Matched variant already has the target inventory"
"5","Lacoste Polo","XXL","LAC-1-SSPOPO_SOL-BLK|XXL","LAC-1-SSPOPO_SOL-BLK|Black|XXL","LAC-1-SSPOPO_SOL-BLK-XXL","1","1499","Lacoste | Polo | Black","XXL","LAC-1-SSPOPO_SOL-BLK-XXL","1","1499","0","MATCHED_NO_CHANGE","MATCHED_NO_CHANGE","Matched variant already has the target inventory"
"6","Lacoste Polo","M","LAC-2-SSPOPO_SOL-OLV|M","LAC-2-SSPOPO_SOL-OLV|Olive|M","LAC-2-SSPOPO_SOL-OLV-M","2","1499","Lacoste | Polo | Olive","M","LAC-2-SSPOPO_SOL-OLV-M","2","1499","0","MATCHED_NO_CHANGE","MATCHED_NO_CHANGE","Matched variant already has the target inventory"
"7","Lacoste Polo","L","LAC-2-SSPOPO_SOL-OLV|L","LAC-2-SSPOPO_SOL-OLV|Olive|L","LAC-2-SSPOPO_SOL-OLV-L","2","1499","","","","","","","UNMATCHED","UNMATCHED","No exact Shopify SKU matched. Related Shopify SKUs found: LAC-2-SSPOPO_SOL-OLV-M | LAC-2-SSPOPO_SOL-OLV-XL | LAC-2-SSPOPO_SOL-OLV-XXL"
"8","Lacoste Polo","XL","LAC-2-SSPOPO_SOL-OLV|XL","LAC-2-SSPOPO_SOL-OLV|Olive|XL","LAC-2-SSPOPO_SOL-OLV-XL","2","1499","Lacoste | Polo | Olive","XL","LAC-2-SSPOPO_SOL-OLV-XL","2","1499","0","MATCHED_NO_CHANGE","MATCHED_NO_CHANGE","Matched variant already has the target inventory"
"9","Lacoste Polo","XXL","LAC-2-SSPOPO_SOL-OLV|XXL","LAC-2-SSPOPO_SOL-OLV|Olive|XXL","LAC-2-SSPOPO_SOL-OLV-XXL","1","1499","Lacoste | Polo | Olive","XXL","LAC-2-SSPOPO_SOL-OLV-XXL","1","1499","0","MATCHED_NO_CHANGE","MATCHED_NO_CHANGE","Matched variant already has the target inventory"
"10","Lacoste Polo","M","LAC-3-SSPOPO_SOL-NAV|M","LAC-3-SSPOPO_SOL-NAV|Navy|M","LAC-3-SSPOPO_SOL-NAV-M","2","1499","Lacoste | Polo | Navy","M","LAC-3-SSPOPO_SOL-NAV-M","2","1499","0","MATCHED_NO_CHANGE","MATCHED_NO_CHANGE","Matched variant already has the target inventory"
"11","Lacoste Polo","L","LAC-3-SSPOPO_SOL-NAV|L","LAC-3-SSPOPO_SOL-NAV|Navy|L","LAC-3-SSPOPO_SOL-NAV-L","2","1499","","","","","","","UNMATCHED","UNMATCHED","No exact Shopify SKU matched. Related Shopify SKUs found: LAC-3-SSPOPO_SOL-NAV-M | LAC-3-SSPOPO_SOL-NAV-XL | LAC-3-SSPOPO_SOL-NAV-XXL"
"12","Lacoste Polo","XL","LAC-3-SSPOPO_SOL-NAV|XL","LAC-3-SSPOPO_SOL-NAV|Navy|XL","LAC-3-SSPOPO_SOL-NAV-XL","3","1499","Lacoste | Polo | Navy","XL","LAC-3-SSPOPO_SOL-NAV-XL","3","1499","0","MATCHED_NO_CHANGE","MATCHED_NO_CHANGE","Matched variant already has the target inventory"
"13","Lacoste Polo","XXL","LAC-3-SSPOPO_SOL-NAV|XXL","LAC-3-SSPOPO_SOL-NAV|Navy|XXL","LAC-3-SSPOPO_SOL-NAV-XXL","1","1499","Lacoste | Polo | Navy","XXL","LAC-3-SSPOPO_SOL-NAV-XXL","1","1499","0","MATCHED_NO_CHANGE","MATCHED_NO_CHANGE","Matched variant already has the target inventory"
"14","Lacoste Polo","M","LAC-4-SSPOPO_SOL-SKY|M","LAC-4-SSPOPO_SOL-SKY|Blue|M","LAC-4-SSPOPO_SOL-SKY-M","2","1499","Lacoste | Polo | Blue","M","LAC-4-SSPOPO_SOL-SKY-M","2","1499","0","MATCHED_NO_CHANGE","MATCHED_NO_CHANGE","Matched variant already has the target inventory"
"15","Lacoste Polo","L","LAC-4-SSPOPO_SOL-SKY|L","LAC-4-SSPOPO_SOL-SKY|Blue|L","LAC-4-SSPOPO_SOL-SKY-L","2","1499","","","","","","","UNMATCHED","UNMATCHED","No exact Shopify SKU matched. Related Shopify SKUs found: LAC-4-SSPOPO_SOL-SKY-M | LAC-4-SSPOPO_SOL-SKY-XL | LAC-4-SSPOPO_SOL-SKY-XXL"
"16","Lacoste Polo","XL","LAC-4-SSPOPO_SOL-SKY|XL","LAC-4-SSPOPO_SOL-SKY|Blue|XL","LAC-4-SSPOPO_SOL-SKY-XL","2","1499","Lacoste | Polo | Blue","XL","LAC-4-SSPOPO_SOL-SKY-XL","2","1499","0","MATCHED_NO_CHANGE","MATCHED_NO_CHANGE","Matched variant already has the target inventory"
"17","Lacoste Polo","XXL","LAC-4-SSPOPO_SOL-SKY|XXL","LAC-4-SSPOPO_SOL-SKY|Blue|XXL","LAC-4-SSPOPO_SOL-SKY-XXL","1","1499","Lacoste | Polo | Blue","XXL","LAC-4-SSPOPO_SOL-SKY-XXL","1","1499","0","MATCHED_NO_CHANGE","MATCHED_NO_CHANGE","Matched variant already has the target inventory"
"18","Lacoste Polo","M","LAC-5-SSPOPO_SOL-SKN|M","LAC-5-SSPOPO_SOL-SKN|Beige|M","LAC-5-SSPOPO_SOL-SKN-M","2","1499","Lacoste | Polo | Beige","M","LAC-5-SSPOPO_SOL-SKN-M","2","1499","0","MATCHED_NO_CHANGE","MATCHED_NO_CHANGE","Matched variant already has the target inventory"
"19","Lacoste Polo","L","LAC-5-SSPOPO_SOL-SKN|L","LAC-5-SSPOPO_SOL-SKN|Beige|L","LAC-5-SSPOPO_SOL-SKN-L","3","1499","","","","","","","UNMATCHED","UNMATCHED","No exact Shopify SKU matched. Related Shopify SKUs found: LAC-5-SSPOPO_SOL-SKN-M | LAC-5-SSPOPO_SOL-SKN-XL | LAC-5-SSPOPO_SOL-SKN-XXL"
"20","Lacoste Polo","XL","LAC-5-SSPOPO_SOL-SKN|XL","LAC-5-SSPOPO_SOL-SKN|Beige|XL","LAC-5-SSPOPO_SOL-SKN-XL","2","1499","Lacoste | Polo | Beige","XL","LAC-5-SSPOPO_SOL-SKN-XL","2","1499","0","MATCHED_NO_CHANGE","MATCHED_NO_CHANGE","Matched variant already has the target inventory"
"21","Lacoste Polo","XXL","LAC-5-SSPOPO_SOL-SKN|XXL","LAC-5-SSPOPO_SOL-SKN|Beige|XXL","LAC-5-SSPOPO_SOL-SKN-XXL","1","1499","Lacoste | Polo | Beige","XXL","LAC-5-SSPOPO_SOL-SKN-XXL","1","1499","0","MATCHED_NO_CHANGE","MATCHED_NO_CHANGE","Matched variant already has the target inventory"
"22","Lacoste Polo","M","LAC-6-SSPOPO_SOL-MRN|M","LAC-6-SSPOPO_SOL-MRN|Maroon|M","LAC-6-SSPOPO_SOL-MRN-M","2","1499","Lacoste | Polo | Maroon","M","LAC-6-SSPOPO_SOL-MRN-M","2","1499","0","MATCHED_NO_CHANGE","MATCHED_NO_CHANGE","Matched variant already has the target inventory"
"23","Lacoste Polo","L","LAC-6-SSPOPO_SOL-MRN|L","LAC-6-SSPOPO_SOL-MRN|Maroon|L","LAC-6-SSPOPO_SOL-MRN-L","2","1499","","","","","","","UNMATCHED","UNMATCHED","No exact Shopify SKU matched. Related Shopify SKUs found: LAC-6-SSPOPO_SOL-MRN-M | LAC-6-SSPOPO_SOL-MRN-XL | LAC-6-SSPOPO_SOL-MRN-XXL"
"24","Lacoste Polo","XL","LAC-6-SSPOPO_SOL-MRN|XL","LAC-6-SSPOPO_SOL-MRN|Maroon|XL","LAC-6-SSPOPO_SOL-MRN-XL","3","1499","Lacoste | Polo | Maroon","XL","LAC-6-SSPOPO_SOL-MRN-XL","3","1499","0","MATCHED_NO_CHANGE","MATCHED_NO_CHANGE","Matched variant already has the target inventory"
"25","Lacoste Polo","XXL","LAC-6-SSPOPO_SOL-MRN|XXL","LAC-6-SSPOPO_SOL-MRN|Maroon|XXL","LAC-6-SSPOPO_SOL-MRN-XXL","1","1499","Lacoste | Polo | Maroon","XXL","LAC-6-SSPOPO_SOL-MRN-XXL","1","1499","0","MATCHED_NO_CHANGE","MATCHED_NO_CHANGE","Matched variant already has the target inventory"
"26","Lacoste Polo","M","LAC-7-SSPOPO_SOL-RED|M","LAC-7-SSPOPO_SOL-RED|Red|M","LAC-7-SSPOPO_SOL-RED-M","1","1499","Lacoste | Polo | Red","M","LAC-7-SSPOPO_SOL-RED-M","1","1499","0","MATCHED_NO_CHANGE","MATCHED_NO_CHANGE","Matched variant already has the target inventory"
"27","Lacoste Polo","L","LAC-7-SSPOPO_SOL-RED|L","LAC-7-SSPOPO_SOL-RED|Red|L","LAC-7-SSPOPO_SOL-RED-L","2","1499","","","","","","","UNMATCHED","UNMATCHED","No exact Shopify SKU matched. Related Shopify SKUs found: LAC-7-SSPOPO_SOL-RED-M | LAC-7-SSPOPO_SOL-RED-XL | LAC-7-SSPOPO_SOL-RED-XXL"
"28","Lacoste Polo","XL","LAC-7-SSPOPO_SOL-RED|XL","LAC-7-SSPOPO_SOL-RED|Red|XL","LAC-7-SSPOPO_SOL-RED-XL","2","1499","Lacoste | Polo | Red","XL","LAC-7-SSPOPO_SOL-RED-XL","2","1499","0","MATCHED_NO_CHANGE","MATCHED_NO_CHANGE","Matched variant already has the target inventory"
"29","Lacoste Polo","XXL","LAC-7-SSPOPO_SOL-RED|XXL","LAC-7-SSPOPO_SOL-RED|Red|XXL","LAC-7-SSPOPO_SOL-RED-XXL","1","1499","Lacoste | Polo | Red","XXL","LAC-7-SSPOPO_SOL-RED-XXL","1","1499","0","MATCHED_NO_CHANGE","MATCHED_NO_CHANGE","Matched variant already has the target inventory"
"30","Polo Ralph Lauren Polo","S","PRL-8-SSPOPO_SOL-BRN|S","PRL-8-SSPOPO_SOL-BRN|Brown|S","PRL-8-SSPOPO_SOL-BRN-S","2","1799","Polo Ralph Lauren | Polo | Brown","S","PRL-8-SSPOPO_SOL-BRN-S","2","1799","0","MATCHED_NO_CHANGE","MATCHED_NO_CHANGE","Matched variant already has the target inventory"
"31","Polo Ralph Lauren Polo","M","PRL-8-SSPOPO_SOL-BRN|M","PRL-8-SSPOPO_SOL-BRN|Brown|M","PRL-8-SSPOPO_SOL-BRN-M","2","1799","Polo Ralph Lauren | Polo | Brown","M","PRL-8-SSPOPO_SOL-BRN-M","2","1799","0","MATCHED_NO_CHANGE","MATCHED_NO_CHANGE","Matched variant already has the target inventory"
"32","Polo Ralph Lauren Polo","L","PRL-8-SSPOPO_SOL-BRN|L","PRL-8-SSPOPO_SOL-BRN|Brown|L","PRL-8-SSPOPO_SOL-BRN-L","2","1799","","","","","","","UNMATCHED","UNMATCHED","No exact Shopify SKU matched. Related Shopify SKUs found: PRL-8-SSPOPO_SOL-BRN-M | PRL-8-SSPOPO_SOL-BRN-S | PRL-8-SSPOPO_SOL-BRN-XL | PRL-8-SSPOPO_SOL-BRN-XXL"
"33","Polo Ralph Lauren Polo","XL","PRL-8-SSPOPO_SOL-BRN|XL","PRL-8-SSPOPO_SOL-BRN|Brown|XL","PRL-8-SSPOPO_SOL-BRN-XL","1","1799","Polo Ralph Lauren | Polo | Brown","XL","PRL-8-SSPOPO_SOL-BRN-XL","1","1799","0","MATCHED_NO_CHANGE","MATCHED_NO_CHANGE","Matched variant already has the target inventory"
"34","Polo Ralph Lauren Polo","XXL","PRL-8-SSPOPO_SOL-BRN|XXL","PRL-8-SSPOPO_SOL-BRN|Brown|XXL","PRL-8-SSPOPO_SOL-BRN-XXL","1","1799","Polo Ralph Lauren | Polo | Brown","XXL","PRL-8-SSPOPO_SOL-BRN-XXL","1","1799","0","MATCHED_NO_CHANGE","MATCHED_NO_CHANGE","Matched variant already has the target inventory"
"35","Polo Ralph Lauren Polo","S","PRL-9-SSPOPO_SOL-WHT|S","PRL-9-SSPOPO_SOL-WHT|White|S","PRL-9-SSPOPO_SOL-WHT-S","1","1799","Polo Ralph Lauren | Polo | White","S","PRL-9-SSPOPO_SOL-WHT-S","1","1799","0","MATCHED_NO_CHANGE","MATCHED_NO_CHANGE","Matched variant already has the target inventory"
"36","Polo Ralph Lauren Polo","M","PRL-9-SSPOPO_SOL-WHT|M","PRL-9-SSPOPO_SOL-WHT|White|M","PRL-9-SSPOPO_SOL-WHT-M","2","1799","Polo Ralph Lauren | Polo | White","M","PRL-9-SSPOPO_SOL-WHT-M","2","1799","0","MATCHED_NO_CHANGE","MATCHED_NO_CHANGE","Matched variant already has the target inventory"
"37","Polo Ralph Lauren Polo","L","PRL-9-SSPOPO_SOL-WHT|L","PRL-9-SSPOPO_SOL-WHT|White|L","PRL-9-SSPOPO_SOL-WHT-L","2","1799","","","","","","","UNMATCHED","UNMATCHED","No exact Shopify SKU matched. Related Shopify SKUs found: PRL-9-SSPOPO_SOL-WHT-M | PRL-9-SSPOPO_SOL-WHT-S | PRL-9-SSPOPO_SOL-WHT-XL | PRL-9-SSPOPO_SOL-WHT-XXL"
"38","Polo Ralph Lauren Polo","XL","PRL-9-SSPOPO_SOL-WHT|XL","PRL-9-SSPOPO_SOL-WHT|White|XL","PRL-9-SSPOPO_SOL-WHT-XL","1","1799","Polo Ralph Lauren | Polo | White","XL","PRL-9-SSPOPO_SOL-WHT-XL","1","1799","0","MATCHED_NO_CHANGE","MATCHED_NO_CHANGE","Matched variant already has the target inventory"
"39","Polo Ralph Lauren Polo","XXL","PRL-9-SSPOPO_SOL-WHT|XXL","PRL-9-SSPOPO_SOL-WHT|White|XXL","PRL-9-SSPOPO_SOL-WHT-XXL","1","1799","Polo Ralph Lauren | Polo | White","XXL","PRL-9-SSPOPO_SOL-WHT-XXL","1","1799","0","MATCHED_NO_CHANGE","MATCHED_NO_CHANGE","Matched variant already has the target inventory"
"40","Polo Ralph Lauren Polo","S","PRL-10-SSPOPO_SOL-BLK|S","PRL-10-SSPOPO_SOL-BLK|Black|S","PRL-10-SSPOPO_SOL-BLK-S","2","1799","Polo Ralph Lauren | Polo | Black","S","PRL-10-SSPOPO_SOL-BLK-S","2","1799","0","MATCHED_NO_CHANGE","MATCHED_NO_CHANGE","Matched variant already has the target inventory"
"41","Polo Ralph Lauren Polo","M","PRL-10-SSPOPO_SOL-BLK|M","PRL-10-SSPOPO_SOL-BLK|Black|M","PRL-10-SSPOPO_SOL-BLK-M","1","1799","Polo Ralph Lauren | Polo | Black","M","PRL-10-SSPOPO_SOL-BLK-M","1","1799","0","MATCHED_NO_CHANGE","MATCHED_NO_CHANGE","Matched variant already has the target inventory"
"42","Polo Ralph Lauren Polo","L","PRL-10-SSPOPO_SOL-BLK|L","PRL-10-SSPOPO_SOL-BLK|Black|L","PRL-10-SSPOPO_SOL-BLK-L","2","1799","","","","","","","UNMATCHED","UNMATCHED","No exact Shopify SKU matched. Related Shopify SKUs found: PRL-10-SSPOPO_SOL-BLK-M | PRL-10-SSPOPO_SOL-BLK-S | PRL-10-SSPOPO_SOL-BLK-XL | PRL-10-SSPOPO_SOL-BLK-XXL"
"43","Polo Ralph Lauren Polo","XL","PRL-10-SSPOPO_SOL-BLK|XL","PRL-10-SSPOPO_SOL-BLK|Black|XL","PRL-10-SSPOPO_SOL-BLK-XL","1","1799","Polo Ralph Lauren | Polo | Black","XL","PRL-10-SSPOPO_SOL-BLK-XL","1","1799","0","MATCHED_NO_CHANGE","MATCHED_NO_CHANGE","Matched variant already has the target inventory"
"44","Polo Ralph Lauren Polo","XXL","PRL-10-SSPOPO_SOL-BLK|XXL","PRL-10-SSPOPO_SOL-BLK|Black|XXL","PRL-10-SSPOPO_SOL-BLK-XXL","1","1799","Polo Ralph Lauren | Polo | Black","XXL","PRL-10-SSPOPO_SOL-BLK-XXL","1","1799","0","MATCHED_NO_CHANGE","MATCHED_NO_CHANGE","Matched variant already has the target inventory"
"45","Armani Exchange Polo","S","ARX-11-SSPOPO_MIX-WBK|S","ARX-11-SSPOPO_MIX-WBK|Black|S","ARX-11-SSPOPO_MIX-WBK-S","1","1499","Armani Exchange | Polo | Black","S","ARX-11-SSPOPO_MIX-WBK-S","1","1499","0","MATCHED_NO_CHANGE","MATCHED_NO_CHANGE","Matched variant already has the target inventory"
"46","Armani Exchange Polo","M","ARX-11-SSPOPO_MIX-WBK|M","ARX-11-SSPOPO_MIX-WBK|Black|M","ARX-11-SSPOPO_MIX-WBK-M","2","1499","Armani Exchange | Polo | Black","M","ARX-11-SSPOPO_MIX-WBK-M","2","1499","0","MATCHED_NO_CHANGE","MATCHED_NO_CHANGE","Matched variant already has the target inventory"
"47","Armani Exchange Polo","L","ARX-11-SSPOPO_MIX-WBK|L","ARX-11-SSPOPO_MIX-WBK|Black|L","ARX-11-SSPOPO_MIX-WBK-L","2","1499","","","","","","","UNMATCHED","UNMATCHED","No exact Shopify SKU matched. Related Shopify SKUs found: ARX-11-SSPOPO_MIX-WBK-M | ARX-11-SSPOPO_MIX-WBK-S | ARX-11-SSPOPO_MIX-WBK-XL | ARX-11-SSPOPO_MIX-WBK-XXL"
"48","Armani Exchange Polo","XL","ARX-11-SSPOPO_MIX-WBK|XL","ARX-11-SSPOPO_MIX-WBK|Black|XL","ARX-11-SSPOPO_MIX-WBK-XL","2","1499","Armani Exchange | Polo | Black","XL","ARX-11-SSPOPO_MIX-WBK-XL","2","1499","0","MATCHED_NO_CHANGE","MATCHED_NO_CHANGE","Matched variant already has the target inventory"
"49","Armani Exchange Polo","XXL","ARX-11-SSPOPO_MIX-WBK|XXL","ARX-11-SSPOPO_MIX-WBK|Black|XXL","ARX-11-SSPOPO_MIX-WBK-XXL","1","1499","Armani Exchange | Polo | Black","XXL","ARX-11-SSPOPO_MIX-WBK-XXL","1","1499","0","MATCHED_NO_CHANGE","MATCHED_NO_CHANGE","Matched variant already has the target inventory"
"50","Armani Exchange Polo","S","ARX-12-SSPOPO_MIX-HWT|S","ARX-12-SSPOPO_MIX-HWT|White|S","ARX-12-SSPOPO_MIX-HWT-S","1","1799","Armani Exchange | Polo | White","S","ARX-12-SSPOPO_MIX-HWT-S","1","1799","0","MATCHED_NO_CHANGE","MATCHED_NO_CHANGE","Matched variant already has the target inventory"
"51","Armani Exchange Polo","M","ARX-12-SSPOPO_MIX-HWT|M","ARX-12-SSPOPO_MIX-HWT|White|M","ARX-12-SSPOPO_MIX-HWT-M","2","1799","Armani Exchange | Polo | White","M","ARX-12-SSPOPO_MIX-HWT-M","2","1799","0","MATCHED_NO_CHANGE","MATCHED_NO_CHANGE","Matched variant already has the target inventory"
"52","Armani Exchange Polo","L","ARX-12-SSPOPO_MIX-HWT|L","ARX-12-SSPOPO_MIX-HWT|White|L","ARX-12-SSPOPO_MIX-HWT-L","2","1799","","","","","","","UNMATCHED","UNMATCHED","No exact Shopify SKU matched. Related Shopify SKUs found: ARX-12-SSPOPO_MIX-HWT-M | ARX-12-SSPOPO_MIX-HWT-S | ARX-12-SSPOPO_MIX-HWT-XL | ARX-12-SSPOPO_MIX-HWT-XXL"
"53","Armani Exchange Polo","XL","ARX-12-SSPOPO_MIX-HWT|XL","ARX-12-SSPOPO_MIX-HWT|White|XL","ARX-12-SSPOPO_MIX-HWT-XL","3","1799","Armani Exchange | Polo | White","XL","ARX-12-SSPOPO_MIX-HWT-XL","3","1799","0","MATCHED_NO_CHANGE","MATCHED_NO_CHANGE","Matched variant already has the target inventory"
"54","Armani Exchange Polo","XXL","ARX-12-SSPOPO_MIX-HWT|XXL","ARX-12-SSPOPO_MIX-HWT|White|XXL","ARX-12-SSPOPO_MIX-HWT-XXL","1","1799","Armani Exchange | Polo | White","XXL","ARX-12-SSPOPO_MIX-HWT-XXL","1","1799","0","MATCHED_NO_CHANGE","MATCHED_NO_CHANGE","Matched variant already has the target inventory"
"55","Armani Exchange Polo","S","ARX-13-SSPOPO_MIX-BWH|S","ARX-13-SSPOPO_MIX-BWH|Black|S","ARX-13-SSPOPO_MIX-BWH-S","1","1499","Armani Exchange | Polo | Black","S","ARX-13-SSPOPO_MIX-BWH-S","1","1499","0","MATCHED_NO_CHANGE","MATCHED_NO_CHANGE","Matched variant already has the target inventory"
"56","Armani Exchange Polo","M","ARX-13-SSPOPO_MIX-BWH|M","ARX-13-SSPOPO_MIX-BWH|Black|M","ARX-13-SSPOPO_MIX-BWH-M","3","1499","Armani Exchange | Polo | Black","M","ARX-13-SSPOPO_MIX-BWH-M","3","1499","0","MATCHED_NO_CHANGE","MATCHED_NO_CHANGE","Matched variant already has the target inventory"
"57","Armani Exchange Polo","L","ARX-13-SSPOPO_MIX-BWH|L","ARX-13-SSPOPO_MIX-BWH|Black|L","ARX-13-SSPOPO_MIX-BWH-L","2","1499","","","","","","","UNMATCHED","UNMATCHED","No exact Shopify SKU matched. Related Shopify SKUs found: ARX-13-SSPOPO_MIX-BWH-M | ARX-13-SSPOPO_MIX-BWH-S | ARX-13-SSPOPO_MIX-BWH-XL | ARX-13-SSPOPO_MIX-BWH-XXL"
"58","Armani Exchange Polo","XL","ARX-13-SSPOPO_MIX-BWH|XL","ARX-13-SSPOPO_MIX-BWH|Black|XL","ARX-13-SSPOPO_MIX-BWH-XL","2","1499","Armani Exchange | Polo | Black","XL","ARX-13-SSPOPO_MIX-BWH-XL","2","1499","0","MATCHED_NO_CHANGE","MATCHED_NO_CHANGE","Matched variant already has the target inventory"
"59","Armani Exchange Polo","XXL","ARX-13-SSPOPO_MIX-BWH|XXL","ARX-13-SSPOPO_MIX-BWH|Black|XXL","ARX-13-SSPOPO_MIX-BWH-XXL","1","1499","Armani Exchange | Polo | Black","XXL","ARX-13-SSPOPO_MIX-BWH-XXL","1","1499","0","MATCHED_NO_CHANGE","MATCHED_NO_CHANGE","Matched variant already has the target inventory"
"60","Armani Exchange Polo","S","ARX-14-SSPOPO_MIX-BLB|S","ARX-14-SSPOPO_MIX-BLB|Blue|S","ARX-14-SSPOPO_MIX-BLB-S","2","1499","Armani Exchange | Polo | Blue","S","ARX-14-SSPOPO_MIX-BLB-S","2","1499","0","MATCHED_NO_CHANGE","MATCHED_NO_CHANGE","Matched variant already has the target inventory"
"61","Armani Exchange Polo","M","ARX-14-SSPOPO_MIX-BLB|M","ARX-14-SSPOPO_MIX-BLB|Blue|M","ARX-14-SSPOPO_MIX-BLB-M","2","1499","Armani Exchange | Polo | Blue","M","ARX-14-SSPOPO_MIX-BLB-M","2","1499","0","MATCHED_NO_CHANGE","MATCHED_NO_CHANGE","Matched variant already has the target inventory"
"62","Armani Exchange Polo","L","ARX-14-SSPOPO_MIX-BLB|L","ARX-14-SSPOPO_MIX-BLB|Blue|L","ARX-14-SSPOPO_MIX-BLB-L","2","1499","","","","","","","UNMATCHED","UNMATCHED","No exact Shopify SKU matched. Related Shopify SKUs found: ARX-14-SSPOPO_MIX-BLB-M | ARX-14-SSPOPO_MIX-BLB-S | ARX-14-SSPOPO_MIX-BLB-XL | ARX-14-SSPOPO_MIX-BLB-XXL"
"63","Armani Exchange Polo","XL","ARX-14-SSPOPO_MIX-BLB|XL","ARX-14-SSPOPO_MIX-BLB|Blue|XL","ARX-14-SSPOPO_MIX-BLB-XL","2","1499","Armani Exchange | Polo | Blue","XL","ARX-14-SSPOPO_MIX-BLB-XL","2","1499","0","MATCHED_NO_CHANGE","MATCHED_NO_CHANGE","Matched variant already has the target inventory"
"64","Armani Exchange Polo","XXL","ARX-14-SSPOPO_MIX-BLB|XXL","ARX-14-SSPOPO_MIX-BLB|Blue|XXL","ARX-14-SSPOPO_MIX-BLB-XXL","1","1499","Armani Exchange | Polo | Blue","XXL","ARX-14-SSPOPO_MIX-BLB-XXL","1","1499","0","MATCHED_NO_CHANGE","MATCHED_NO_CHANGE","Matched variant already has the target inventory"
"65","Armani Exchange Polo","S","ARX-15-SSPOPO_MIX-GRY|S","ARX-15-SSPOPO_MIX-GRY|Grey|S","ARX-15-SSPOPO_MIX-GRY-S","1","1499","Armani Exchange | Polo | Grey","S","ARX-15-SSPOPO_MIX-GRY-S","1","1499","0","MATCHED_NO_CHANGE","MATCHED_NO_CHANGE","Matched variant already has the target inventory"
"66","Armani Exchange Polo","M","ARX-15-SSPOPO_MIX-GRY|M","ARX-15-SSPOPO_MIX-GRY|Grey|M","ARX-15-SSPOPO_MIX-GRY-M","2","1499","Armani Exchange | Polo | Grey","M","ARX-15-SSPOPO_MIX-GRY-M","2","1499","0","MATCHED_NO_CHANGE","MATCHED_NO_CHANGE","Matched variant already has the target inventory"
"67","Armani Exchange Polo","L","ARX-15-SSPOPO_MIX-GRY|L","ARX-15-SSPOPO_MIX-GRY|Grey|L","ARX-15-SSPOPO_MIX-GRY-L","2","1499","","","","","","","UNMATCHED","UNMATCHED","No exact Shopify SKU matched. Related Shopify SKUs found: ARX-15-SSPOPO_MIX-GRY-M | ARX-15-SSPOPO_MIX-GRY-S | ARX-15-SSPOPO_MIX-GRY-XL | ARX-15-SSPOPO_MIX-GRY-XXL"
"68","Armani Exchange Polo","XL","ARX-15-SSPOPO_MIX-GRY|XL","ARX-15-SSPOPO_MIX-GRY|Grey|XL","ARX-15-SSPOPO_MIX-GRY-XL","2","1499","Armani Exchange | Polo | Grey","XL","ARX-15-SSPOPO_MIX-GRY-XL","2","1499","0","MATCHED_NO_CHANGE","MATCHED_NO_CHANGE","Matched variant already has the target inventory"
"69","Armani Exchange Polo","XXL","ARX-15-SSPOPO_MIX-GRY|XXL","ARX-15-SSPOPO_MIX-GRY|Grey|XXL","ARX-15-SSPOPO_MIX-GRY-XXL","1","1499","Armani Exchange | Polo | Grey","XXL","ARX-15-SSPOPO_MIX-GRY-XXL","1","1499","0","MATCHED_NO_CHANGE","MATCHED_NO_CHANGE","Matched variant already has the target inventory"
"70","Armani Exchange Polo","S","ARX-16-SSPOPO_MIX-NAV|S","ARX-16-SSPOPO_MIX-NAV|Navy|S","ARX-16-SSPOPO_MIX-NAV-S","1","1499","Armani Exchange | Polo | Navy","S","ARX-16-SSPOPO_MIX-NAV-S","1","1499","0","MATCHED_NO_CHANGE","MATCHED_NO_CHANGE","Matched variant already has the target inventory"
"71","Armani Exchange Polo","M","ARX-16-SSPOPO_MIX-NAV|M","ARX-16-SSPOPO_MIX-NAV|Navy|M","ARX-16-SSPOPO_MIX-NAV-M","2","1499","Armani Exchange | Polo | Navy","M","ARX-16-SSPOPO_MIX-NAV-M","2","1499","0","MATCHED_NO_CHANGE","MATCHED_NO_CHANGE","Matched variant already has the target inventory"
"72","Armani Exchange Polo","L","ARX-16-SSPOPO_MIX-NAV|L","ARX-16-SSPOPO_MIX-NAV|Navy|L","ARX-16-SSPOPO_MIX-NAV-L","2","1499","","","","","","","UNMATCHED","UNMATCHED","No exact Shopify SKU matched. Related Shopify SKUs found: ARX-16-SSPOPO_MIX-NAV-M | ARX-16-SSPOPO_MIX-NAV-S | ARX-16-SSPOPO_MIX-NAV-XL | ARX-16-SSPOPO_MIX-NAV-XXL"
"73","Armani Exchange Polo","XL","ARX-16-SSPOPO_MIX-NAV|XL","ARX-16-SSPOPO_MIX-NAV|Navy|XL","ARX-16-SSPOPO_MIX-NAV-XL","2","1499","Armani Exchange | Polo | Navy","XL","ARX-16-SSPOPO_MIX-NAV-XL","2","1499","0","MATCHED_NO_CHANGE","MATCHED_NO_CHANGE","Matched variant already has the target inventory"
"74","Armani Exchange Polo","XXL","ARX-16-SSPOPO_MIX-NAV|XXL","ARX-16-SSPOPO_MIX-NAV|Navy|XXL","ARX-16-SSPOPO_MIX-NAV-XXL","1","1499","Armani Exchange | Polo | Navy","XXL","ARX-16-SSPOPO_MIX-NAV-XXL","1","1499","0","MATCHED_NO_CHANGE","MATCHED_NO_CHANGE","Matched variant already has the target inventory"
"75","Diesel Denim Shirt","M","DSL-17-LSWSSH_SOL-LBL|M","DSL-17-LSWSSH_SOL-LBL|Blue|M","DSL-17-LSWSSH_SOL-LBL-M","2","1999","Diesel | Denim Shirt | Blue","M","DSL-17-LSWSSH_SOL-LBL-M","2","1999","0","MATCHED_NO_CHANGE","MATCHED_NO_CHANGE","Matched variant already has the target inventory"
"76","Diesel Denim Shirt","L","DSL-17-LSWSSH_SOL-LBL|L","DSL-17-LSWSSH_SOL-LBL|Blue|L","DSL-17-LSWSSH_SOL-LBL-L","2","1999","","","","","","","UNMATCHED","UNMATCHED","No exact Shopify SKU matched. Related Shopify SKUs found: DSL-17-LSWSSH_SOL-LBL-M | DSL-17-LSWSSH_SOL-LBL-XL"
"77","Diesel Denim Shirt","XL","DSL-17-LSWSSH_SOL-LBL|XL","DSL-17-LSWSSH_SOL-LBL|Blue|XL","DSL-17-LSWSSH_SOL-LBL-XL","2","1999","Diesel | Denim Shirt | Blue","XL","DSL-17-LSWSSH_SOL-LBL-XL","2","1999","0","MATCHED_NO_CHANGE","MATCHED_NO_CHANGE","Matched variant already has the target inventory"
"78","Diesel Denim Shirt","M","DSL-18-LSWSSH_SOL-MBL|M","DSL-18-LSWSSH_SOL-MBL|Blue|M","DSL-18-LSWSSH_SOL-MBL-M","2","1999","Diesel | Denim Shirt | Blue","M","DSL-18-LSWSSH_SOL-MBL-M","2","1999","0","MATCHED_NO_CHANGE","MATCHED_NO_CHANGE","Matched variant already has the target inventory"
"79","Diesel Denim Shirt","L","DSL-18-LSWSSH_SOL-MBL|L","DSL-18-LSWSSH_SOL-MBL|Blue|L","DSL-18-LSWSSH_SOL-MBL-L","2","1999","","","","","","","UNMATCHED","UNMATCHED","No exact Shopify SKU matched. Related Shopify SKUs found: DSL-18-LSWSSH_SOL-MBL-M | DSL-18-LSWSSH_SOL-MBL-XL"
"80","Diesel Denim Shirt","XL","DSL-18-LSWSSH_SOL-MBL|XL","DSL-18-LSWSSH_SOL-MBL|Blue|XL","DSL-18-LSWSSH_SOL-MBL-XL","1","1999","Diesel | Denim Shirt | Blue","XL","DSL-18-LSWSSH_SOL-MBL-XL","1","1999","0","MATCHED_NO_CHANGE","MATCHED_NO_CHANGE","Matched variant already has the target inventory"
"81","Diesel Denim Shirt","M","DSL-19-LSWSSH_SOL-BLU|M","DSL-19-LSWSSH_SOL-BLU|Blue|M","DSL-19-LSWSSH_SOL-BLU-M","2","1999","Diesel | Denim Shirt | Blue","M","DSL-19-LSWSSH_SOL-BLU-M","2","1999","0","MATCHED_NO_CHANGE","MATCHED_NO_CHANGE","Matched variant already has the target inventory"
"82","Diesel Denim Shirt","L","DSL-19-LSWSSH_SOL-BLU|L","DSL-19-LSWSSH_SOL-BLU|Blue|L","DSL-19-LSWSSH_SOL-BLU-L","2","1999","","","","","","","UNMATCHED","UNMATCHED","No exact Shopify SKU matched. Related Shopify SKUs found: DSL-19-LSWSSH_SOL-BLU-M | DSL-19-LSWSSH_SOL-BLU-XL"
"83","Diesel Denim Shirt","XL","DSL-19-LSWSSH_SOL-BLU|XL","DSL-19-LSWSSH_SOL-BLU|Blue|XL","DSL-19-LSWSSH_SOL-BLU-XL","2","1999","Diesel | Denim Shirt | Blue","XL","DSL-19-LSWSSH_SOL-BLU-XL","2","1999","0","MATCHED_NO_CHANGE","MATCHED_NO_CHANGE","Matched variant already has the target inventory"
"84","Diesel Denim Shirt","M","DSL-20-LSWSSH_SOL-DBL|M","DSL-20-LSWSSH_SOL-DBL|Blue|M","DSL-20-LSWSSH_SOL-DBL-M","2","1999","Diesel | Denim Shirt | Blue","M","DSL-20-LSWSSH_SOL-DBL-M","2","1999","0","MATCHED_NO_CHANGE","MATCHED_NO_CHANGE","Matched variant already has the target inventory"
"85","Diesel Denim Shirt","L","DSL-20-LSWSSH_SOL-DBL|L","DSL-20-LSWSSH_SOL-DBL|Blue|L","DSL-20-LSWSSH_SOL-DBL-L","2","1999","","","","","","","UNMATCHED","UNMATCHED","No exact Shopify SKU matched. Related Shopify SKUs found: DSL-20-LSWSSH_SOL-DBL-M | DSL-20-LSWSSH_SOL-DBL-XL"
"86","Diesel Denim Shirt","XL","DSL-20-LSWSSH_SOL-DBL|XL","DSL-20-LSWSSH_SOL-DBL|Blue|XL","DSL-20-LSWSSH_SOL-DBL-XL","2","1999","Diesel | Denim Shirt | Blue","XL","DSL-20-LSWSSH_SOL-DBL-XL","2","1999","0","MATCHED_NO_CHANGE","MATCHED_NO_CHANGE","Matched variant already has the target inventory"
